source_domain,source_url,target_url,anchor,link_type,follow_status,first_seen,last_seen,http_status,indexable,relevance,quality_score,status
digitalpakistan.io,https://www.digitalpakistan.io/,https://aitoolspak.tech/ai-subscription-price-index-pakistan/,AI subscription prices in Pakistan,Editorial mention,,2026-08-22,2026-08-22,200/404,indexable,9,88,LOST_OR_UNVERIFIED
techjuice.pk,https://www.techjuice.pk/contact/,https://aitoolspak.tech/ai-subscription-price-index-pakistan/,Pakistan AI pricing data,Editorial mention,,2026-08-22,2026-08-22,200/404,indexable,9,87,LOST_OR_UNVERIFIED
betterstackpk.site,https://betterstackpk.site/,https://aitoolspak.tech/ai-subscription-price-index-pakistan/,Pakistan AI pricing index,Resource mention,,2026-08-22,2026-08-22,200/404,indexable,9,80,LOST_OR_UNVERIFIED
pakwired.com,https://pakwired.com/contact/,https://aitoolspak.tech/ai-subscription-price-index-pakistan/,AI tools in Pakistan,Resource mention,,2026-08-22,2026-08-22,200/404,indexable,9,82,LOST_OR_UNVERIFIED
technoo.pk,https://www.technoo.pk/pages/write-for-us-technology,https://aitoolspak.tech/ai-subscription-price-index-pakistan/,AI subscription prices in Pakistan,Guest article,,2026-08-22,2026-08-22,200/404,indexable,9,74,LOST_OR_UNVERIFIED
techmag.pk,https://techmag.pk/contact/,https://aitoolspak.tech/ai-subscription-price-index-pakistan/,Pakistan AI pricing data,Editorial mention,,2026-08-22,2026-08-22,200/404,indexable,9,86,LOST_OR_UNVERIFIED
propakistani.pk,https://propakistani.pk/contact-us/,https://aitoolspak.tech/ai-subscription-price-index-pakistan/,AI tools in Pakistan,Editorial mention,,2026-08-22,2026-08-22,403/404,noindex,9,83,LOST_OR_UNVERIFIED
codeforpakistan.org,https://codeforpakistan.org/contact/,https://aitoolspak.tech/ai-subscription-price-index-pakistan/,AI tools for civic tech,Resource mention,,2026-08-22,2026-08-22,200/404,indexable,9,78,LOST_OR_UNVERIFIED
startup.pk,https://startup.pk/publish-your-story/,https://aitoolspak.tech/ai-subscription-price-index-pakistan/,AI subscription prices in Pakistan,Guest article,,2026-08-22,2026-08-22,200/404,indexable,9,88,LOST_OR_UNVERIFIED
