id,platform,category,service_name,rate_pkr,currency,pricing_basis,min_quantity,max_quantity,average_time,status
500001,Instagram,Pakistan Panels 50% SALE 🔥,𝐈𝐧𝐬𝐭𝐚𝐠𝐫𝐚𝐦 𝐅𝐨𝐥𝐥𝐨𝐰𝐞𝐫𝐬 𝐀𝐩𝐩𝐬 𝐃𝐚𝐭𝐚 ( 𝐌𝐚𝐱 5𝐌 ) [ 𝐋𝐞𝐬𝐬 𝐃𝐫𝐨𝐩 ] 100𝐊/𝐃𝐚𝐲 | 𝐍𝐨 𝐑𝐞𝐟𝐢𝐥𝐥 ⚠️ ( 𝐈𝐧𝐬𝐭𝐚𝐧𝐭 𝐒𝐭𝐚𝐫𝐭 ) 𝐔𝐥𝐭𝐫𝐚 𝐂𝐡𝐞𝐚𝐩 🚀🚀🚀,61.66,PKR,per_1000,100,5000000,34 Hours 58 Minutes,active
500002,Instagram,Pakistan Panels 50% SALE 🔥,𝐈𝐧𝐬𝐭𝐚𝐠𝐫𝐚𝐦 𝐅𝐨𝐥𝐥𝐨𝐰𝐞𝐫𝐬 𝐈𝐧𝐝𝐢𝐚𝐧 𝐀𝐜𝐜𝐨𝐮𝐧𝐭𝐬 ( 𝐌𝐚𝐱 500𝐊 ) [ 𝐋𝐨𝐰 𝐃𝐫𝐨𝐩 ] 500𝐊/𝐃𝐚𝐲 | 𝐍𝐨 𝐑𝐞𝐟𝐢𝐥𝐥 ⚠️ | 𝐈𝐧𝐬𝐭𝐚𝐧𝐭 𝐒𝐭𝐚𝐫𝐭 🚀🚀🚀🚀🚀,116.73,PKR,per_1000,100,1000000,16 Hours 50 Minutes,active
500003,Instagram,Pakistan Panels 50% SALE 🔥,𝐈𝐧𝐬𝐭𝐚𝐠𝐫𝐚𝐦 𝐅𝐨𝐥𝐥𝐨𝐰𝐞𝐫𝐬 𝐈𝐧𝐝𝐢𝐚𝐧 𝐀𝐜𝐜𝐨𝐮𝐧𝐭𝐬 ( 𝐌𝐚𝐱 500𝐊 ) [ 𝐋𝐨𝐰 𝐃𝐫𝐨𝐩 ] 500𝐊/𝐃𝐚𝐲 | 30 𝐃𝐚𝐲𝐬 𝐑𝐞𝐟𝐢𝐥𝐥 ♻️ | 𝐈𝐧𝐬𝐭𝐚𝐧𝐭 𝐒𝐭𝐚𝐫𝐭 🚀🚀🚀🚀🚀,136.10,PKR,per_1000,100,1000000,5 Hours 58 Minutes,active
500004,Instagram,Pakistan Panels 50% SALE 🔥,𝐈𝐧𝐬𝐭𝐚𝐠𝐫𝐚𝐦 𝐅𝐨𝐥𝐥𝐨𝐰𝐞𝐫𝐬 𝐈𝐧𝐝𝐢𝐚𝐧 𝐀𝐜𝐜𝐨𝐮𝐧𝐭𝐬 ( 𝐌𝐚𝐱 500𝐊 ) [ 𝐋𝐨𝐰 𝐃𝐫𝐨𝐩 ] 500𝐊/𝐃𝐚𝐲 | 60 𝐃𝐚𝐲𝐬 𝐑𝐞𝐟𝐢𝐥𝐥 ♻️ | 𝐈𝐧𝐬𝐭𝐚𝐧𝐭 𝐒𝐭𝐚𝐫𝐭 🚀🚀🚀🚀🚀,146.01,PKR,per_1000,100,1000000,13 Hours 48 Minutes,active
500005,Instagram,Pakistan Panels 50% SALE 🔥,𝐈𝐧𝐬𝐭𝐚𝐠𝐫𝐚𝐦 𝐅𝐨𝐥𝐥𝐨𝐰𝐞𝐫𝐬 𝐈𝐧𝐝𝐢𝐚𝐧 𝐀𝐜𝐜𝐨𝐮𝐧𝐭𝐬 ( 𝐌𝐚𝐱 500𝐊 ) [ 𝐋𝐨𝐰 𝐃𝐫𝐨𝐩 ] 500𝐊/𝐃𝐚𝐲 | 90 𝐃𝐚𝐲𝐬 𝐑𝐞𝐟𝐢𝐥𝐥 ♻️ | 𝐈𝐧𝐬𝐭𝐚𝐧𝐭 𝐒𝐭𝐚𝐫𝐭 🚀🚀🚀🚀🚀,150.78,PKR,per_1000,100,1000000,14 Hours 53 Minutes,active
500006,Instagram,Pakistan Panels 50% SALE 🔥,𝐈𝐧𝐬𝐭𝐚𝐠𝐫𝐚𝐦 𝐅𝐨𝐥𝐥𝐨𝐰𝐞𝐫𝐬 𝐈𝐧𝐝𝐢𝐚𝐧 𝐀𝐜𝐜𝐨𝐮𝐧𝐭𝐬 ( 𝐌𝐚𝐱 500𝐊 ) [ 𝐋𝐨𝐰 𝐃𝐫𝐨𝐩 ] 500𝐊/𝐃𝐚𝐲 | 365 𝐃𝐚𝐲𝐬 𝐑𝐞𝐟𝐢𝐥𝐥 ♻️ | 𝐈𝐧𝐬𝐭𝐚𝐧𝐭 𝐒𝐭𝐚𝐫𝐭 🚀🚀🚀🚀🚀,155.33,PKR,per_1000,100,1000000,13 Hours 38 Minutes,active
500007,Instagram,Pakistan Panels 50% SALE 🔥,𝐈𝐧𝐬𝐭𝐚𝐠𝐫𝐚𝐦 𝐅𝐨𝐥𝐥𝐨𝐰𝐞𝐫𝐬 𝐈𝐧𝐝𝐢𝐚𝐧 𝐀𝐜𝐜𝐨𝐮𝐧𝐭𝐬 ( 𝐌𝐚𝐱 500𝐊 ) [ 𝐋𝐨𝐰 𝐃𝐫𝐨𝐩 ] 500𝐊/𝐃𝐚𝐲 | 𝐋𝐢𝐟𝐞𝐭𝐢𝐦𝐞 𝐑𝐞𝐟𝐢𝐥𝐥 ♻️ | 𝐈𝐧𝐬𝐭𝐚𝐧𝐭 𝐒𝐭𝐚𝐫𝐭 🚀🚀🚀🚀🚀,159.88,PKR,per_1000,100,1000000,5 Hours 36 Minutes,active
500008,Instagram,Pakistan Panels 50% SALE 🔥,Instagram Followers | Real App Data ⭐ | ♻️90 Days Refill |⚡Speed 1M+/DAY |One clike done 🚀Start 0–15 Minutes |,266.39,PKR,per_1000,100,1000000,6 Hours 7 Minutes,active
500009,TikTok,👤 TikTok Accounts ⭐ Premium,TikTok UK Accounts | Verified Gmail Linked | Instant Delivery,612.54,PKR,per_unit,1,1,0 Minutes,active
500010,TikTok,👤 TikTok Accounts ⭐ Premium,TikTok USA Accounts | Verified Gmail Linked | Instant Delivery,612.94,PKR,per_unit,1,1,0 Minutes,active
500011,TikTok,👤 TikTok Accounts ⭐ [ Real Monetized ],🔥 TikTok Account | UK 🇬🇧 | Creator Rewards Ready | 10K+ Followers & 100K+ Views | Read Description,24503.05,PKR,per_unit,1,1,,active
500012,TikTok,👤 TikTok Accounts ⭐ [ Real Monetized ],🔥 TikTok Account | USA 🇺🇸 | Creator Rewards Ready | 10K+ Followers & 100K+ Views,24503.05,PKR,per_unit,1,1,,active
500013,TikTok,🪙 TikTok Coins ⭐ Official & Safe,TikTok Coins | Fast Delivery | Login / Gift Method,6125.47,PKR,per_1000,50,10000000,0 Minutes,active
500014,TikTok,💸 TikTok Likes ⭐ Market Cheapest,TikTok Likes | HQ Accounts | Cancel Enable | Refill: No ⚠️ | Instant Start | Speed: Day 5K 🚀,13.55,PKR,per_1000,100,10000,4 Hours 39 Minutes,active
500015,TikTok,💸 TikTok Likes ⭐ Market Cheapest,TikTok Likes | HQ Accounts | Cancel Enable | Refill: No ⚠️ | Instant Start | Speed: Day 10K 🚀,17.28,PKR,per_1000,100,20000,New Service,active
500016,TikTok,💸 TikTok Likes ⭐ Market Cheapest,TikTok Likes | Real New Account | Cancel Enable | Cheapest,20.89,PKR,per_1000,10,10000,16 Minutes,active
500017,TikTok,💸 TikTok Likes ⭐ Market Cheapest,TikTok Likes | LQ Accounts | Refill: No ⚠️ | Start: 1hrs | Speed: Day 10K 🚀,24.90,PKR,per_1000,10,3000,New Service,active
500018,TikTok,💸 TikTok Likes ⭐ Market Cheapest,TikTok Likes ❤️‍🔥 Cheapest ✅ [ Cancel Button Enable 🚫 | Real High Quality || Start Time 0-30 Minutes ⚡,24.90,PKR,per_1000,10,3000,9 Hours 41 Minutes,active
500019,TikTok,💸 TikTok Likes ⭐ Market Cheapest,TikTok Likes | LQ Accounts | Cancel Enable | Refill: No ⚠️ | Instant Start | Speed: Day 50K 🚀,39.03,PKR,per_1000,10,100000,2 Hours 1 Minute,active
500020,TikTok,💸 TikTok Likes ⭐ Market Cheapest,TikTok Likes | 100% Real Accounts | Cancel Enable | Instant Start | Day 100K [ DEFFRENT SERVER ],42.54,PKR,per_1000,10,1000000,1 Hour 6 Minutes,active
500021,TikTok,🔥 TikTok Likes ⭐ Ultra Fast,TikTok Likes ❤️ | High Quality 💎 | Speed: 25K/Day 🚀 | Instant Start ⚡ | Start Time: 5 Mins ⏰,39.93,PKR,per_1000,10,25000,1 Hour 24 Minutes,active
500022,TikTok,💎 TikTok Likes ⭐ Sponsored (For You Ads),TikTok Likes + views+comment+followers+profile views [ Active account] Organic Data | Super Instant |[ 🇵🇰 Real Sponsored] 20k Perday Lifetime Refill Showing anylatics,428.77,PKR,per_1000,1000,20000,3 Hours 35 Minutes,active
500023,TikTok,💎 TikTok Likes ⭐ Premium | Non-Drop,TikTok Likes | High Quality 💎 | 𝟭𝟬𝟬% 𝐍𝐨𝐧-𝐃𝐫𝐨𝐩 ✔️ | Speed: 200–300 Per Hour 🚀 | Cancel Enabled ✅ | Instant Start ⚡ | Refill: No ♻️,81.39,PKR,per_1000,10,10000,17 Minutes,active
500024,TikTok,💎 TikTok Likes ⭐ Premium | Non-Drop,TikTok Likes | High Quality 💎 | 𝟭𝟬𝟬% 𝐍𝐨𝐧-𝐃𝐫𝐨𝐩 ✔️ | Speed: 200–300 Per Hour 🚀 | Cancel Enabled ✅ | Instant Start ⚡ | Refill: 30 Days♻️,89.16,PKR,per_1000,10,10000,16 Hours 3 Minutes,active
500025,TikTok,💎 TikTok Likes ⭐ Premium | Non-Drop,TikTok Likes | High Quality 💎 | 𝟭𝟬𝟬% 𝐍𝐨𝐧-𝐃𝐫𝐨𝐩 ✔️ | Speed: 200–300 Per Hour 🚀 | Cancel Enabled ✅ | Instant Start ⚡ | Refill: Lifetime♻️,96.89,PKR,per_1000,10,10000,28 Minutes,active
500026,TikTok,❤️ TikTok Likes ⭐ Recommended Never Drop |,𝐓𝐢𝐤𝐭𝐨𝐤 𝐋𝐢𝐤𝐞𝐬+Views » 100% 𝐑𝐞𝐚𝐥 𝐏𝐫𝐨𝐟𝐢𝐥𝐞𝐬 | 𝐖𝐨𝐫𝐥𝐝𝐰𝐢𝐝𝐞 🌏 | 𝐌𝐚𝐱 100𝐤 | 𝐋𝐢𝐟𝐞𝐭𝐢𝐦𝐞 𝐆𝐮𝐫𝐚𝐧𝐭𝐞𝐝,133.90,PKR,per_1000,10,100000,10 Minutes,active
500027,TikTok,❤️ TikTok Likes ⭐ Recommended Never Drop |,𝐓𝐢𝐤𝐭𝐨𝐤 𝐋𝐢𝐤𝐞𝐬+Views » 100% 𝐑𝐞𝐚𝐥 𝐏𝐫𝐨𝐟𝐢𝐥𝐞𝐬 | 𝐖𝐨𝐫𝐥𝐝𝐰𝐢𝐝𝐞 🌏 | 𝐌𝐚𝐱 200𝐤 | 𝐋𝐢𝐟𝐞𝐭𝐢𝐦𝐞 𝐆𝐮𝐫𝐚𝐧𝐭𝐞𝐝 ♻️,143.19,PKR,per_1000,10,200000,2 Hours 29 Minutes,active
500028,TikTok,❤️ TikTok Likes ⭐ Recommended Never Drop |,𝐓𝐢𝐤𝐭𝐨𝐤 𝐋𝐢𝐤𝐞𝐬+Views » 100% 𝐑𝐞𝐚𝐥 𝐏𝐫𝐨𝐟𝐢𝐥𝐞𝐬 | 𝐖𝐨𝐫𝐥𝐝𝐰𝐢𝐝𝐞 🌏 | 𝐌𝐚𝐱 300𝐤 | 𝐋𝐢𝐟𝐞𝐭𝐢𝐦𝐞 𝐆𝐮𝐫𝐚𝐧𝐭𝐞𝐝 ♻️,148.32,PKR,per_1000,10,300000,40 Minutes,active
500029,TikTok,❤️ TikTok Likes ⭐ Recommended Never Drop |,𝐓𝐢𝐤𝐭𝐨𝐤 𝐋𝐢𝐤𝐞𝐬+Views » 100% 𝐑𝐞𝐚𝐥 𝐏𝐫𝐨𝐟𝐢𝐥𝐞𝐬 | 𝐖𝐨𝐫𝐥𝐝𝐰𝐢𝐝𝐞 🌏 | 𝐌𝐚𝐱 400𝐤 | 𝐋𝐢𝐟𝐞𝐭𝐢𝐦𝐞 𝐆𝐮𝐫𝐚𝐧𝐭𝐞𝐝 ♻️,153.49,PKR,per_1000,10,400000,24 Minutes,active
500030,TikTok,❤️ TikTok Likes ⭐ Recommended Never Drop |,𝐓𝐢𝐤𝐭𝐨𝐤 𝐋𝐢𝐤𝐞𝐬+Views » 100% 𝐑𝐞𝐚𝐥 𝐏𝐫𝐨𝐟𝐢𝐥𝐞𝐬 | 𝐖𝐨𝐫𝐥𝐝𝐰𝐢𝐝𝐞 🌏 | 𝐌𝐚𝐱 500𝐤 | 𝐋𝐢𝐟𝐞𝐭𝐢𝐦𝐞 𝐆𝐮𝐫𝐚𝐧𝐭𝐞𝐝 ♻️,159.67,PKR,per_1000,10,500000,2 Hours 29 Minutes,active
500031,TikTok,🛡️ TikTok Likes ⭐ Lifetime Refill,TikTok Likes | HQ Accounts | Non Drop | Cancel Enable | Instant Start | Speed: 100k/Day 🚀 | Refill: Lifetime♻️ | 𝐁𝐮𝐥𝐥𝐞𝐭 𝐒𝐩𝐞𝐞𝐝 🚀,61.04,PKR,per_1000,10,100000,6 Hours 35 Minutes,active
500032,TikTok,🛡️ TikTok Likes ⭐ Lifetime Refill,TikTok Likes | HQ Accounts | Non Drop | Cancel Enable | Instant Start | Speed: 200k/Day 🚀 | Refill: Lifetime♻️ | 𝐁𝐮𝐥𝐥𝐞𝐭 𝐒𝐩𝐞𝐞𝐝 🚀,65.74,PKR,per_1000,10,200000,3 Hours 23 Minutes,active
500033,TikTok,🛡️ TikTok Likes ⭐ Lifetime Refill,TikTok Likes | HQ Accounts | Non Drop | Cancel Enable | Instant Start | Speed: 300k/Day 🚀 | Refill: Lifetime♻️ | 𝐁𝐮𝐥𝐥𝐞𝐭 𝐒𝐩𝐞𝐞𝐝 🚀,70.44,PKR,per_1000,10,300000,23 Minutes,active
500034,TikTok,🛡️ TikTok Likes ⭐ Lifetime Refill,TikTok Likes | HQ Accounts | Non Drop | Cancel Enable | Instant Start | Speed: 400k/Day 🚀 | Refill: Lifetime♻️ | 𝐁𝐮𝐥𝐥𝐞𝐭 𝐒𝐩𝐞𝐞𝐝 🚀,75.14,PKR,per_1000,10,400000,43 Minutes,active
500035,TikTok,🛡️ TikTok Likes ⭐ Lifetime Refill,TikTok Likes | HQ Accounts | Non Drop | Cancel Enable | Instant Start | Speed: 500k/Day 🚀 | Refill: Lifetime♻️ | 𝐁𝐮𝐥𝐥𝐞𝐭 𝐒𝐩𝐞𝐞𝐝 🚀,79.83,PKR,per_1000,10,500000,14 Hours 4 Minutes,active
500036,TikTok,👑 TikTok Likes ⭐ HQ Real Profiles,TikTok Likes [𝗛𝗤 & 𝗥𝗲𝗮𝗹 𝗣𝗿𝗼𝗳𝗶𝗹𝗲𝘀 | Low Drop | ⚡ Speed: 25K/Day | ⏳ Start: 1 Hour | ♻️ Lifetime Refill,56.74,PKR,per_1000,10,25000,44 Minutes,active
500037,TikTok,👑 TikTok Likes ⭐ HQ Real Profiles,TikTok Likes [𝗛𝗤 & 𝗥𝗲𝗮𝗹 𝗣𝗿𝗼𝗳𝗶𝗹𝗲𝘀 | Low Drop |⚡ Speed: 50K/Day | ⏳ Start: 1 Hour | ♻️ Lifetime Refill,65.45,PKR,per_1000,10,25000,33 Minutes,active
500038,TikTok,👑 TikTok Likes ⭐ HQ Real Profiles,TikTok Likes [𝗛𝗤 & 𝗥𝗲𝗮𝗹 𝗣𝗿𝗼𝗳𝗶𝗹𝗲𝘀 | Low Drop | ⚡ Speed: 75K/Day | ⏳ Start: 1 Hour | ♻️ Lifetime Refill,69.82,PKR,per_1000,10,25000,12 Hours 47 Minutes,active
500039,TikTok,👑 TikTok Likes ⭐ HQ Real Profiles,TikTok Likes [𝗛𝗤 & 𝗥𝗲𝗮𝗹 𝗣𝗿𝗼𝗳𝗶𝗹𝗲𝘀 | Low Drop | ⚡ Speed: 100K/Day | ⏳ Start: 1 Hour | ♻️ Lifetime Refill,78.57,PKR,per_1000,10,25000,58 Minutes,active
500040,TikTok,🚀 TikTok Likes ⭐ Best Speed | Recommended,TikTok Likes | 100% Real Account | 𝟭𝟬𝟬% 𝗡𝗼𝗻~𝗗𝗿𝗼𝗽 | Speed: 1k Per Hour 🚀 | Cancel Enable | Instant Start ⚡ | Refill: No ♻️,81.39,PKR,per_1000,10,50000,10 Hours 32 Minutes,active
500041,TikTok,🚀 TikTok Likes ⭐ Best Speed | Recommended,TikTok Likes | 100% Real Account | 𝟭𝟬𝟬% 𝗡𝗼𝗻~𝗗𝗿𝗼𝗽 | Speed: 1k Per Hour 🚀 | Cancel Enable | Instant Start ⚡ | Refill: 30 Days♻️,102.67,PKR,per_1000,10,50000,42 Minutes,active
500042,TikTok,🚀 TikTok Likes ⭐ Best Speed | Recommended,TikTok Likes | 100% Real Account | 𝟭𝟬𝟬% 𝗡𝗼𝗻~𝗗𝗿𝗼𝗽 | Speed: 1k Per Hour 🚀 | Cancel Enable | Instant Start ⚡ | Refill: Lifetime♻️,111.60,PKR,per_1000,10,50000,23 Minutes,active
500043,TikTok,💯 TikTok Likes ⭐ 100% Non-Drop,TikTok Likes | 100% Real Users | 𝗡𝗼𝗻~𝗗𝗿𝗼𝗽 | Speed: 5k/Day 🚀 | Cancel Enable | Refill: No ♻️,107.12,PKR,per_1000,100,50000,59 Minutes,active
500044,TikTok,💯 TikTok Likes ⭐ 100% Non-Drop,TikTok Likes | 100% Real Users | 𝗡𝗼𝗻~𝗗𝗿𝗼𝗽 | Speed: 5k/Day 🚀 | Cancel Enable | Refill: 30 Day ♻️,120.53,PKR,per_1000,100,50000,8 Hours 16 Minutes,active
500045,TikTok,💯 TikTok Likes ⭐ 100% Non-Drop,TikTok Likes | 100% Real Users | 𝗡𝗼𝗻~𝗗𝗿𝗼𝗽 | Speed: 5k/Day 🚀 | Cancel Enable | Refill: Lifetime ♻️,129.45,PKR,per_1000,100,50000,3 Hours 9 Minutes,active
500046,TikTok,📈 TikTok Likes ⭐ Premium Quality,TikTok Likes | 100% 𝐍𝐨𝐧𝐃𝐫𝐨𝐩 | Real User | Instant | Max : 5K | ɴᴏ ʀᴇꜰɪʟʟ | 100k perday,131.84,PKR,per_1000,100,50000,11 Hours 36 Minutes,active
500047,TikTok,📈 TikTok Likes ⭐ Premium Quality,TikTok Likes | 100% 𝐍𝐨𝐧𝐃𝐫𝐨𝐩 | Real User | Instant | Max : 100K | 30 Days Refill | 5k perday,148.32,PKR,per_1000,100,50000,29 Hours 11 Minutes,active
500048,TikTok,📈 TikTok Likes ⭐ Premium Quality,TikTok Likes | 100% 𝐍𝐨𝐧𝐃𝐫𝐨𝐩 | Real User | Instant | Max : 100K | Lifetime Refill | 5k perday,159.31,PKR,per_1000,100,50000,2 Hours 36 Minutes,active
500049,TikTok,🔔 TikTok Likes ⭐ Notification Server,TikTok Likes [100% Non-Drop] | Real Active Accounts | Cancel Anytime | Instant Start | Up to 30K Per Day,231.88,PKR,per_1000,10,5000000,3 Hours 24 Minutes,active
500050,TikTok,🔔 TikTok Likes ⭐ Notification Server,TikTok Likes [100% Non-Drop] | Real Active Accounts | Cancel Anytime | Instant Start | Up to 30K/Day | 30 Days Refill,279.07,PKR,per_1000,10,5000000,35 Hours 43 Minutes,active
500051,TikTok,🔔 TikTok Likes ⭐ Notification Server,TikTok Likes [100% Non-Drop] | Real Active Accounts | Cancel Anytime | Instant Start | Up to 30K Daily | Lifetime Guarantee,291.76,PKR,per_1000,10,5000000,7 Hours 10 Minutes,active
500052,TikTok,⚡ TikTok Likes ⭐ Instant Start | Fast Delivery,"TikTok Likes | LQ Accounts | | Instant Activation 🚀 | Daily Capacity: 50,000 | Lifetime Refill ♻️ | UltraFast Completion 🔥",85.00,PKR,per_1000,10,50000,3 Hours 26 Minutes,active
500053,TikTok,⚡ TikTok Likes ⭐ Instant Start | Fast Delivery,TikTok Likes | Stable LQ Profiles | Zero-Drop Assurance | Instant -Start 🚀 | Delivery: 100k/Day | Lifetime Refill Support ♻️ | UltraFast Performance 🔥,97.14,PKR,per_1000,10,100000,2 Hours 8 Minutes,active
500054,TikTok,⚡ TikTok Likes ⭐ Instant Start | Fast Delivery,TikTok Likes | LQ Active Accounts | Almost Zero-Drop | Instant Live Start 🚀 | Performance: 150k/Day | Permanent Refill System ♻️ | UltraFast Finishing 🔥,109.29,PKR,per_1000,10,150000,1 Hour 9 Minutes,active
500055,TikTok,⚡ TikTok Likes ⭐ Instant Start | Fast Delivery,TikTok Likes | LQ High-Speed Source | Zero-Drop Pattern | Instant Boost 🚀 | Turbo Delivery: 200k/Day | Lifetime Refill Access ♻️ | UltraFast Finalization 🔥,121.43,PKR,per_1000,10,200000,14 Hours 41 Minutes,active
500056,TikTok,💸 TikTok Followers ⭐ Market Cheapest,TikTok Followers | Real Accounts | Cancel Enable | Instant Start | Speed: 5K/Day 🚀 | Refill: No♻️ | 𝐂𝐡𝐞𝐚𝐩𝐞𝐬𝐭 𝐏𝐫𝐨𝐯𝐢𝐝𝐞𝐫 ᴺᴱᵂ,342.97,PKR,per_1000,100,1000,16 Minutes,active
500057,TikTok,💸 TikTok Followers ⭐ Market Cheapest,TikTok Followers [ 𝐇𝐢𝐠𝐡 𝐐𝐮𝐚𝐥𝐢𝐭𝐲 ] | 𝐖𝐎𝐑𝐊𝐈𝐍𝐆💯 | Speed: 200 to 500 Per Day | No Refill,423.45,PKR,per_1000,100,100000,106 Hours 47 Minutes,active
500058,TikTok,🛡️ TikTok Followers ⭐ Lifetime Refill,TikTok Followers 🚀 | Speed: 5k/Day ⚡| No Stuck Risk ✅ | No Drop Risk ✅ | Lifetime Refill 🛡️| VIP Service 🔥,946.69,PKR,per_1000,100,10000,4 Hours 54 Minutes,active
500059,TikTok,🛡️ TikTok Followers ⭐ Lifetime Refill,TikTok Premium Followers | (🇵🇰 Pakistani + 🌍 Mixed) | High‑Quality Accounts (10–20) | 𝟭𝟬𝟬% Non-Drop Guarantee ✅ | Refill: Lifetime♻️ | Speed: 10k/Day ⚡ | VIP Service 🔥,1151.07,PKR,per_1000,100,20000,1 Hour 8 Minutes,active
500060,TikTok,🚀 TikTok Followers ⭐ Best Speed,TikTok Followers | HQ Profiles | Ultra Fast- Instant Start | Fast 𝗖𝗢𝗠𝗣𝗟𝗘𝗧𝗘 🚀 | Day 10K 🚀,568.49,PKR,per_1000,10,1000000,10 Minutes,active
500061,TikTok,🚀 TikTok Followers ⭐ Best Speed,TikTok Followers | HQ Profiles | Ultra Fast- Instant Start || Fast 𝗖𝗢𝗠𝗣𝗟𝗘𝗧𝗘 🚀 | Day 20K 🚀,594.33,PKR,per_1000,10,1000000,1 Hour 52 Minutes,active
500062,TikTok,🚀 TikTok Followers ⭐ Best Speed,TikTok Followers [ Max 1M ] | HQ Real People | Cancel Enable | Instant Start | No Refill ⚠️ | Day 50K ⚡,761.11,PKR,per_1000,10,1000000,2 Hours 35 Minutes,active
500063,TikTok,🚀 TikTok Followers ⭐ Best Speed,TikTok Followers [ Max 500K ] | HQ Profiles | Ultra Fast- Instant Start | 30 Days Refill♻️| Fast 𝗖𝗢𝗠𝗣𝗟𝗘𝗧𝗘 🚀 | Day 100K 🚀,910.30,PKR,per_1000,5,500000,19 Hours 27 Minutes,active
500064,TikTok,🚀 TikTok Followers ⭐ Best Speed,TikTok Followers | 𝟭𝟬𝟬% Real Profiles Old Accounts With Videos) | Cancel Enable | Refill: No ⚠️ | Instant Start | Speed: 100K/Day🚀 𝐁𝐄𝐒𝐓 𝐒𝐏𝐄𝐄𝐃 🚀,845.68,PKR,per_1000,10,10000,11 Hours 46 Minutes,active
500065,TikTok,🚀 TikTok Followers ⭐ Best Speed,TikTok Followers | 𝟭𝟬𝟬% Real Profiles Old Accounts With Videos) | Cancel Enable | Refill: 30 Days♻️ | Instant Start | Speed: 100K/Day🚀 𝐁𝐄𝐒𝐓 𝐒𝐏𝐄𝐄𝐃 🚀,910.30,PKR,per_1000,5,10000,37 Minutes,active
500066,TikTok,👥 TikTok Followers ⭐ Premium,TikTok Followers | Premium Quality 💎| Active Accounts 🔥 (10–20 Videos) | Speed: Up to 1K per Day | 100% Non-Drop 🔒 | Refill: No | Start Time: 0–24hrs⏱,1479.94,PKR,per_1000,10,50000,20 Minutes,active
500067,TikTok,👥 TikTok Followers ⭐ Premium,TikTok Followers | Premium Quality 💎 | Real HQ Profiles | Speed: Up to 50K per Day | 100% Non-Drop 🔒 | Lifetime Stable ♻️ | Start Time: 0–5 Minutes ⏱,1948.61,PKR,per_1000,10,50000,29 Minutes,active
500068,TikTok,⚡ TikTok Followers ⭐ Instant Start,TikTok Followers | 𝐓𝐎𝐏 𝐒𝐏𝐄𝐄𝐃🚀 | [ Max 10M ] | HQ Real People | Refill: No ♻️ | Instant Start | 𝟭 𝗠𝗶𝗻𝘂𝘁𝗲 𝗖𝗼𝗺𝗽𝗹𝗲𝘁𝗲𝗱 🔥,798.70,PKR,per_1000,10,1000000,34 Minutes,active
500069,TikTok,⚡ TikTok Followers ⭐ Instant Start,TikTok Followers | 𝐓𝐎𝐏 𝐒𝐏𝐄𝐄𝐃🚀 | [ Max 10M ] | HQ Real People | Refill: 𝟯𝟬𝗗𝗮𝘆𝘀♻️ | Instant Start | 𝟭 𝗠𝗶𝗻𝘂𝘁𝗲 𝗖𝗼𝗺𝗽𝗹𝗲𝘁𝗲𝗱 🔥,910.30,PKR,per_1000,5,500000,19 Hours 52 Minutes,active
500070,TikTok,♻️ TikTok Followers ⭐𝟭𝟬𝟬% Refill,TikTok Followers | 𝟭𝟬𝟬% 𝗥𝗘𝗔𝗟 𝗣𝗥𝗢𝗙𝗜𝗟𝗘 | Speed: 5kDay | Non-Drop | Refill: 30Days♻️ | 𝟭𝟬𝟬% 𝗥𝗲𝗳𝗶𝗹𝗹 𝗕𝘂𝘁𝘁𝗼𝗻 𝗪𝗼𝗿𝗸𝗶𝗻𝗴,764.65,PKR,per_1000,5,20000,42 Minutes,active
500071,TikTok,♻️ TikTok Followers ⭐𝟭𝟬𝟬% Refill,TikTok Followers | 𝟭𝟬𝟬% 𝗥𝗘𝗔𝗟 𝗣𝗥𝗢𝗙𝗜𝗟𝗘 | Speed: 10kDay | Non-Drop | Refill: 30Days♻️ | 𝟭𝟬𝟬% 𝗥𝗲𝗳𝗶𝗹𝗹 𝗕𝘂𝘁𝘁𝗼𝗻 𝗪𝗼𝗿𝗸𝗶𝗻𝗴,801.05,PKR,per_1000,5,50000,27 Hours 9 Minutes,active
500072,TikTok,📈 TikTok Followers ⭐ Monetization,TikTok 𝗠𝗼𝗻𝗲𝘁𝗶𝘇𝗮𝗯𝗹𝗲 𝗙𝗼𝗹𝗹𝗼𝘄𝗲𝗿𝘀 | High‑Quality Accounts (10–20 Videos) | Speed: 50k/Day 🚀 | Refill: No ♻️| Start Time: 5mint ⏱️ | 𝗙𝗮𝘀𝘁𝗲𝘀𝘁 𝗦𝗽𝗲𝗲𝗱 🚀,798.70,PKR,per_1000,100,2147483647,32 Minutes,active
500073,TikTok,📈 TikTok Followers ⭐ Monetization,TikTok 𝗠𝗼𝗻𝗲𝘁𝗶𝘇𝗮𝗯𝗹𝗲 𝗙𝗼𝗹𝗹𝗼𝘄𝗲𝗿𝘀 | High‑Quality Accounts (10–20 Videos) | Speed: 50k/Day 🚀 | Refill: 𝟯𝟬 𝗗𝗮𝘆𝘀♻️| Start Time: 5mint ⏱️ | 𝗙𝗮𝘀𝘁𝗲𝘀𝘁 𝗦𝗽𝗲𝗲𝗱 🚀,904.41,PKR,per_1000,100,2147483647,27 Hours 26 Minutes,active
500074,TikTok,👑 TikTok Followers ⭐ HQ Real Profiles,TikTok Followers | 𝗛𝗤 Profile Picture Accounts | Refill: No | Instant Start |Speed: Day 50K🚀 𝐂𝐡𝐞𝐚𝐩𝐞𝐬𝐭 Super Fast ᴺᴱᵂ,568.49,PKR,per_1000,100,50000,1 Hour 45 Minutes,active
500075,TikTok,👑 TikTok Followers ⭐ HQ Real Profiles,TikTok Followers | 𝗛𝗤 Profile Picture Accounts | Refill: No | Instant Start |Speed: Day 100K🚀 𝐂𝐡𝐞𝐚𝐩𝐞𝐬𝐭 Super Fastᴺᴱᵂ,729.42,PKR,per_1000,100,100000,8 Hours 42 Minutes,active
500076,TikTok,🇵🇰 TikTok Followers ⭐ Sponsored (For You Ads),Tiktok Followers | Real Sponsor Ads | 𝐍𝐨𝐧 𝐃𝐫𝐨𝐩 | Quality: High | Speed: 50K+ Per Day | Start: 0-48 Hours | Min 10K | [ Islamic Video Provided By Us ] | Read Description | 𝐋𝐢𝐟𝐞𝐭𝐢𝐦𝐞 𝐑𝐞𝐟𝐢𝐥𝐥 | ♻️🔥💫,2385.25,PKR,per_1000,10000,10000000,42 Minutes,active
500077,TikTok,🇵🇰 TikTok Followers ⭐ Sponsored (For You Ads),Tiktok Followers | Real Sponsor Ads | 𝐍𝐨𝐧 𝐃𝐫𝐨𝐩 | Quality: High | Speed: 50K+ Per Day | Start: 0-48 Hours | Min 1K | [ Islamic Video Provided By Us ] | Read Description | 𝐋𝐢𝐟𝐞𝐭𝐢𝐦𝐞 𝐑𝐞𝐟𝐢𝐥𝐥 | ♻️🔥💫,2602.09,PKR,per_1000,1000,10000000,26 Minutes,active
500078,TikTok,🇵🇰 TikTok Followers ⭐ Sponsored (For You Ads),Tiktok Followers | Real Sponsor Ads | 𝐍𝐨𝐧 𝐃𝐫𝐨𝐩 | Quality: High | Speed: 50K+ Per Day | Start: 0-48 Hours | Min 500 | [ Islamic Video Provided By Us ] | Read Description | 𝐋𝐢𝐟𝐞𝐭𝐢𝐦𝐞 𝐑𝐞𝐟𝐢𝐥𝐥 | ♻️🔥💫,2818.94,PKR,per_1000,500,1000000,6 Hours 52 Minutes,active
500079,TikTok,🇵🇰 TikTok Followers ⭐ Monetization Package,TikTok Monetization Package | Real Sponsor | 100K Views + 10K Followers | PAK 🇵🇰 | Best for Monetization | Non Drop | Start Within 24-48 Hours | Lifetime Guarantee,21864.82,PKR,per_unit,1,1,0 Minutes,active
500080,TikTok,💸 TikTok Views ⭐ Cheapest,TikTok Video Views [ Max Unlimited ] | Instant Start | Day 10M [ Cheap ] 𝐔𝐋𝐓𝐑𝐀 𝐅𝐀𝐒𝐓 🚀,6.11,PKR,per_1000,100,2147483647,3 Hours 35 Minutes,active
500081,TikTok,💸 TikTok Views ⭐ Cheapest,TikTok Video Views [ Max Unlimited ] | HQ | Cancel Enable | Refill: No⚠️ | Instant Start | Speed: Day 100M 🚀,10.37,PKR,per_1000,100,2147483647,3 Hours 7 Minutes,active
500082,TikTok,💸 TikTok Views ⭐ Cheapest,TikTok Video Views [ Max Unlimited ] | HQ | Cancel Enable | Refill: No⚠️ | Instant Start | Speed: Day 10M 🚀,12.32,PKR,per_1000,100,2147483647,55 Minutes,active
500083,TikTok,💸 TikTok Views ⭐ Cheapest,TikTok Video Views [ Max Unlimited ] | HQ | Cancel Enable | No Refill ⚠️ | Instant Start | Day 100M 🚀🚀,12.83,PKR,per_1000,100,2147483647,0 Minutes,active
500084,TikTok,💸 TikTok Views ⭐ Cheapest,TikTok Video Views [ Max Unlimited ] | Instant Start | Day 50M [ Cheap ] 𝐔𝐋𝐓𝐑𝐀 𝐅𝐀𝐒𝐓 🚀,15.87,PKR,per_1000,100,50000000,7 Minutes,active
500085,TikTok,💸 TikTok Views ⭐ Cheapest,TikTok Video Views [ Max Unlimited ] | HQ | Cancel Enable | No Refill ⚠️ | Instant Start | Day 100M 🚀🚀,16.48,PKR,per_1000,100,2147483647,15 Minutes,active
500086,TikTok,💸 TikTok Views ⭐ Cheapest,TikTok Video Views [ Max Unlimited ] | Instant Start | Day 100M | 𝐔𝐋𝐓𝐑𝐀 𝐅𝐀𝐒𝐓 🚀,16.48,PKR,per_1000,100,2147483647,5 Minutes,active
500087,TikTok,💸 TikTok Views ⭐ Cheapest,TikTok Video Views [ Max Unlimited ] | Instant Start | Day 150M | 𝐔𝐋𝐓𝐑𝐀 𝐅𝐀𝐒𝐓 🚀,17.74,PKR,per_1000,100,2147483647,28 Minutes,active
500088,TikTok,💸 TikTok Views ⭐ Cheapest,TikTok Video Views [ Max Unlimited ] | Instant Start | Day 200M | 𝐔𝐋𝐓𝐑𝐀 𝐅𝐀𝐒𝐓 🚀,19.05,PKR,per_1000,100,2147483647,23 Minutes,active
500089,TikTok,💸 TikTok Views ⭐ Cheapest,TikTok Video Views [ Max Unlimited ] | Instant Start | Day 300M | 𝐔𝐋𝐓𝐑𝐀 𝐅𝐀𝐒𝐓 🚀,20.31,PKR,per_1000,100,2147483647,8 Minutes,active
500090,TikTok,💸 TikTok Views ⭐ Cheapest,TikTok Video Views [ Max Unlimited ] | Start 0-10 Minutes⚠️ | Day 1M⚡,20.67,PKR,per_1000,100,2147483647,45 Minutes,active
500091,TikTok,💸 TikTok Views ⭐ Cheapest,TikTok Video Views [ Max Unlimited ] | Day 50M | 𝐔𝐋𝐓𝐑𝐀 𝐅𝐀𝐒𝐓 𝗖𝗼𝗺𝗽𝗹𝗲𝘁𝗲𝗱 🔥 | Direct Provider,37.59,PKR,per_1000,10,2147483647,1 Minute,active
500092,TikTok,💸 TikTok Views ⭐ Cheapest,TikTok Video Views [ Max Unlimited ] | Day 1M | 𝐔𝐋𝐓𝐑𝐀 𝐅𝐀𝐒𝐓 𝗖𝗼𝗺𝗽𝗹𝗲𝘁𝗲𝗱 🔥 | Direct Provider,43.08,PKR,per_1000,100,2147483647,5 Hours 15 Minutes,active
500093,TikTok,🇵🇰TikTok Views ⭐ Premium Sponsored Ads,TikTok Views Sponsor Ads [Minimum 100K Views + Bonus Likes] [100% Pakistani Users] [Lifetime Refill ♻️] [Start Time 0-2 Hours],159.27,PKR,per_1000,100000,999998,0 Minutes,active
500094,TikTok,🇵🇰TikTok Views ⭐ Premium Sponsored Ads,TikTok Views Sponsor Ads [Minimum 50K Views + Bonus Likes] [100% Pakistani Users] [Lifetime Refill ♻️] [Start Time 0-2 Hours],171.52,PKR,per_1000,50000,999999,1 Hours 47 Minutes,active
500095,TikTok,🇵🇰TikTok Views ⭐ Premium Sponsored Ads,TikTok Views Sponsor Ads [Minimum 20K Views + Bonus Likes] [100% Pakistani Users] [Lifetime Refill ♻️] [Start Time 0-2 Hours],183.77,PKR,per_1000,20000,10000000,0 Minutes,active
500096,TikTok,🇵🇰TikTok Views ⭐ Premium Sponsored Ads,TikTok Views Sponsor Ads [Minimum 10K Views + Bonus Likes] [100% Pakistani Users] [Lifetime Refill ♻️] [Start Time 0-2 Hours],196.02,PKR,per_1000,10000,10000000,0 Minutes,active
500097,TikTok,🇵🇰TikTok Views ⭐ Premium Sponsored Ads,TikTok Views Sponsor Ads [Minimum 5K Views + Bonus Likes] [100% Pakistani Users] [Lifetime Refill ♻️] [Start Time 0-2 Hours],208.28,PKR,per_1000,5000,100000000,7 Hours 31 Minutes,active
500098,TikTok,🇵🇰TikTok Views ⭐ Premium Sponsored Ads,TikTok Views Sponsor Ads [minmum 1k Views+ Bonus Likes] [ 100% Pakistani Users ] [ Lifetime Refill ♻️ ] [ Start Time 0-2Hours ],220.53,PKR,per_1000,1000,100000000,3 Hours 52 Minutes,active
500099,TikTok,🇵🇰TikTok Views ⭐ Premium Sponsored Ads,TikTok Views Sponsor Ads [Minimum 500 Views + Bonus Likes] [100% Pakistani Users] [Lifetime Refill ♻️] [Start Time 0-2 Hours],232.78,PKR,per_1000,500,1000000,27 Minutes,active
500100,TikTok,⚡ TikTok Views ⭐ Instant Start,TikTok Video Views [ Max Unlimited ] | HQ | Non Drop | No Refill ⚠️ | Instant Start | Day 5M 🚀,32.89,PKR,per_1000,100,2147483647,9 Hours 19 Minutes,active
500101,TikTok,🎯 TikTok Views ⭐ Stable Server,TikTok Video Views | Ultra-Fast Delivery Up to 5M+ Daily | Quick Launch 0–5 Minutes | Lifetime Refill Access Enabled | High Stability Traffic | Growth Service ✅🔥⚡,31.12,PKR,per_1000,100,2147483647,9 Minutes,active
500102,TikTok,❤️ TikTok Views ⭐ Recommended,TikTok Views | Slow Start System | 10M+/Day Speed |No Drop |(Complet Time 24_48 hours)Lifetime Refill ♻️ | Stable Processing,10.12,PKR,per_1000,5000,1000000,7 Hours 41 Minutes,active
500103,TikTok,❤️ TikTok Views ⭐ Recommended,TikTok Video Views | Speed: 1M/Day 🚀 | 𝟭𝟬𝟬% 𝐍𝐨𝐧 𝐃𝐫𝐨𝐩 🔒 | Refill: Lifetime ♻️ | Start Time: 𝟯 𝐓𝐎 𝟲 𝐡𝐨𝐮𝐫𝐬 ⏱️ 𝐅𝐚𝐬𝐭 𝐂𝐨𝐦𝐩𝐥𝐞𝐭𝐞,35.49,PKR,per_1000,5000,50000000,24 Minutes,active
500104,TikTok,📈 TikTok Views ⭐ Monetization,𝗧𝗶𝗸𝗧𝗼𝗸 𝗠𝗼𝗻𝗲𝘁𝗶𝘇𝗮𝘁𝗶𝗼𝗻 𝗩𝗶𝗲𝘄𝘀 🌍 [ 𝗪𝗼𝗿𝗹𝗱𝘄𝗶𝗱𝗲 ] [ Min : 100K ] 🚀 𝗦𝗽𝗲𝗲𝗱: 20K/𝗗𝗮𝘆 🚀🔥 𝗦𝘂𝗽𝗲𝗿 𝗙𝗮𝘀𝘁 ⚡️,14.75,PKR,per_1000,100000,100000000,30 Hours 35 Minutes,active
500105,TikTok,📈 TikTok Views ⭐ Monetization,𝗧𝗶𝗸𝗧𝗼𝗸 𝗠𝗼𝗻𝗲𝘁𝗶𝘇𝗮𝘁𝗶𝗼𝗻 𝗩𝗶𝗲𝘄𝘀 🌍 [ 𝗪𝗼𝗿𝗹𝗱𝘄𝗶𝗱𝗲 ] [ Min : 50K ] 🚀 𝗦𝗽𝗲𝗲𝗱: 20K/𝗗𝗮𝘆 🚀🔥 𝗦𝘂𝗽𝗲𝗿 𝗙𝗮𝘀𝘁,16.81,PKR,per_1000,50000,50000,52 Hours 18 Minutes,active
500106,TikTok,📈 TikTok Views ⭐ Monetization,𝗧𝗶𝗸𝗧𝗼𝗸 𝗠𝗼𝗻𝗲𝘁𝗶𝘇𝗮𝘁𝗶𝗼𝗻 𝗩𝗶𝗲𝘄𝘀 🌍 [ 𝗪𝗼𝗿𝗹𝗱𝘄𝗶𝗱𝗲 ] [ Min : 25K ] 🚀 𝗦𝗽𝗲𝗲𝗱: 20K/𝗗𝗮𝘆 🚀🔥 𝗦𝘂𝗽𝗲𝗿 𝗙𝗮𝘀𝘁 ⚡️,23.06,PKR,per_1000,20000,20000,21 Hours 21 Minutes,active
500107,TikTok,📈 TikTok Views ⭐ Monetization,𝗧𝗶𝗸𝗧𝗼𝗸 𝗠𝗼𝗻𝗲𝘁𝗶𝘇𝗮𝘁𝗶𝗼𝗻 𝗩𝗶𝗲𝘄𝘀 🌍 [ 𝗪𝗼𝗿𝗹𝗱𝘄𝗶𝗱𝗲 ] [ Min : 10K ] 🚀 𝗦𝗽𝗲𝗲𝗱: 20K/𝗗𝗮𝘆 🚀🔥 𝗦𝘂𝗽𝗲𝗿 𝗙𝗮𝘀𝘁 ⚡️,26.89,PKR,per_1000,10000,10000,16 Hours 54 Minutes,active
500108,TikTok,💎 TikTok Views ⭐ Premium Quality,TikTok Views | ALWAYS STABLE 🔒 | Non-Drop 🔐 | Max: Unlimited | Speed: 10M/Day | Refill: No | 𝗨𝗹𝘁𝗿𝗮𝗙𝗮𝘀𝘁 🔥,20.24,PKR,per_1000,100,2147483647,10 Minutes,active
500109,TikTok,💎 TikTok Views ⭐ Premium Quality,TikTok Views | ALWAYS STABLE 🔒 | Non-Drop 🔐 | Max: Unlimited | Speed: 10M/Day | Refill: 30 Days ♻️,23.67,PKR,per_1000,100,2147483647,15 Minutes,active
500110,TikTok,💎 TikTok Views ⭐ Premium Quality,TikTok Video Views [ Max Unlimited ] | Non Drop | Cancel Enable | Refill: Lifetime ♻️ | Speed: Day 10M 🚀,24.79,PKR,per_1000,100,2147483647,16 Minutes,active
500111,TikTok,💯 TikTok Views ⭐ Non-Drop,TikTok Video Views [ Max Unlimited ] | Day 50M | 𝐔𝐋𝐓𝐑𝐀 𝐅𝐀𝐒𝐓 𝗖𝗼𝗺𝗽𝗹𝗲𝘁𝗲𝗱 🔥 | 𝗡𝗼𝗻-𝗗𝗿𝗼𝗽 𝐁𝐞𝐬𝐭 ᴺᴱᵂ,16.48,PKR,per_1000,100,2147483647,13 Minutes,active
500112,TikTok,💯 TikTok Views ⭐ Non-Drop,TikTok Video Views [ Max Unlimited ] | Day 100M | 𝐔𝐋𝐓𝐑𝐀 𝐅𝐀𝐒𝐓 𝗖𝗼𝗺𝗽𝗹𝗲𝘁𝗲𝗱 🔥 | 𝗡𝗼𝗻-𝗗𝗿𝗼𝗽 𝐁𝐞𝐬𝐭 ᴺᴱᵂ,17.74,PKR,per_1000,100,2147483647,6 Hours 18 Minutes,active
500113,TikTok,💯 TikTok Views ⭐ Non-Drop,TikTok Video Views [ Max Unlimited ] | Day 200M | 𝐔𝐋𝐓𝐑𝐀 𝐅𝐀𝐒𝐓 𝗖𝗼𝗺𝗽𝗹𝗲𝘁𝗲𝗱 🔥 | 𝗡𝗼𝗻-𝗗𝗿𝗼𝗽 𝐁𝐞𝐬𝐭 ᴺᴱᵂ,19.05,PKR,per_1000,100,1000000000,11 Minutes,active
500114,TikTok,🚀 TikTok Views ⭐ Best Speed,TikTok Video Views [ Max Unlimited ] | HQ | Cancel Enable | No Refill ⚠️ | Instant Start | Day 100M 🚀🚀,11.75,PKR,per_1000,100,2147483647,1 Minute,active
500115,TikTok,🎥 TikTok Shares ⭐ Premium + Favorites,TikTok Video Saves 📌 | No Drop 🚫 | Lifetime Refill ♻️ | Start in 0–1 Hour ⏱️ | Speed: 50K/Day ⚡,30.54,PKR,per_1000,10,100000000,4 Minutes,active
500116,TikTok,🎥 TikTok Shares ⭐ Premium + Favorites,TikTok Video Saves 📌 | No Drop 🚫 | Lifetime Refill ♻️ | Start in 0–1 Hour ⏱️ | Speed: 100K/Day ⚡,35.24,PKR,per_1000,10,100000000,10 Minutes,active
500117,TikTok,🎥 TikTok Shares ⭐ Premium + Favorites,TikTok Video Shares 🔄 | Lifetime Refill ♻️ | No Drop 🚫 | Start in 0–1 Hour ⏱️ | Speed: 1M/Day ⚡,38.85,PKR,per_1000,10,2147483647,16 Minutes,active
500118,TikTok,🎥 TikTok Shares ⭐ Premium + Favorites,TikTok Video Shares 🔄 | Lifetime Refill ♻️ | No Drop 🚫 | Start in 0–1 Hour ⏱️ | Speed: 100k/Day ⚡,49.48,PKR,per_1000,100,2147483647,17 Hours 3 Minutes,active
500119,TikTok,🎥 TikTok Shares ⭐ Premium + Favorites,TikTok Video Shares 🔄 | Lifetime Refill ♻️ | No Drop 🚫 | Start in 0–1 Hour ⏱️ | Speed: 500k/Day ⚡,57.10,PKR,per_1000,10,100000,44 Hours 4 Minutes,active
500120,TikTok,🇵🇰 TikTok Comments ⭐ Pakistani,🇵🇰 Pakistani TikTok [𝐂𝐮𝐬𝐭𝐨𝐦 𝐂𝐨𝐦𝐦𝐞𝐧𝐭𝐬] [100% 𝐑𝐞𝐚𝐥 𝐓𝐫𝐚𝐟𝐟𝐢𝐜] [Refill: LifeTime ] [Speed: 5k/Day] [Start Time: 1 Hour],1015.25,PKR,per_1000,10,1000,2 Hours 16 Minutes,active
500121,TikTok,🇵🇰 TikTok Comments ⭐ Pakistani,🇵🇰 Pakistani TikTok Custom Comments [100% 𝐑𝐞𝐚𝐥 𝐓𝐫𝐚𝐟𝐟𝐢𝐜] [Refill: LifeTime ] [Speed: 2k/Day] [Start Time: 1 Hour],1126.92,PKR,per_1000,10,100,1 Hour 4 Minutes,active
500122,TikTok,🇵🇰 TikTok Comments ⭐ Pakistani,🇵🇰 Pakistani TikTok Custom Comments [100% 𝐑𝐞𝐚𝐥 𝐓𝐫𝐚𝐟𝐟𝐢𝐜] [Refill: LifeTime ] [Speed: 10k/Day] [Start Time: 1 Hour],1395.23,PKR,per_1000,10,300,2 Hours 25 Minutes,active
500123,TikTok,🇵🇰 TikTok Comments ⭐ Pakistani,🇵🇰 Pakistani TikTok Custom Comments [100% 𝐑𝐞𝐚𝐥 𝐓𝐫𝐚𝐟𝐟𝐢𝐜] [Refill: LifeTime ] [Speed: 5k/Day] [Start Time: 1 Hour],1479.94,PKR,per_1000,10,5000,4 Hours 15 Minutes,active
500124,TikTok,👑 TikTok Comments ⭐ HQ Profiles,TikTok Comments [3 Comments] [Post Related] [Emojis & Text] [100% Real Humans] [Top Accounts],89.99,PKR,per_1000,1000,1000,45 Minutes,active
500125,TikTok,👑 TikTok Comments ⭐ HQ Profiles,TikTok Comments From Quality Accounts [100% Non Drop] [Accounts with Profile Pic + Videos] [Lifetime Guranteed] [Fast Speed :500/D] [Start : 0 - 1min],1160.46,PKR,per_1000,10,5000,44 Hours 49 Minutes,active
500126,TikTok,👑 TikTok Comments ⭐ HQ Profiles,TikTok Custom Comments [Speed : 1k/Day] [Guarantee : Lifetime] [Non Drop] [Start Time : 0-10Min],1352.51,PKR,per_1000,10,100,1 Hour 29 Minutes,active
500127,TikTok,👑 TikTok Comments ⭐ HQ Profiles,Tiktok Video Comments [100% Real Users] [Speed : 1k/D] [Lifetime Guranteed] [Start : 0 - 1 min],2008.49,PKR,per_1000,10,10000,38 Hours 41 Minutes,active
500128,TikTok,✍️ TikTok Comments ⭐ Random Positive Word + Emoji,TikTok Random Emoji Comments | 6 Comments | High Quality With Post | No Refill | Start Time 0-1 Hours,93.75,PKR,per_1000,1000,1000,New Service,active
500129,TikTok,✍️ TikTok Comments ⭐ Random Positive Word + Emoji,TikTok Random Emoji Comments | 12 Comments | High Quality With Post | No Refill | Start Time 0-1 Hours,161.98,PKR,per_1000,1000,1000,New Service,active
500130,TikTok,✍️ TikTok Comments ⭐ Random Positive Word + Emoji,TikTok Random Emoji Comments | 25 Comments | High Quality With Post | No Refill | Start Time 0-1 Hours,306.87,PKR,per_1000,1000,1000,New Service,active
500131,TikTok,🇵🇰 TikTok Comments ⭐ Premium Urdu 🇵🇰 Pakistani | 𝐇𝐢𝐠𝐡 𝐐𝐮𝐚𝐥𝐢𝐭𝐲,ᴺᴱᵂ TikTok 100% Pakistani 🇵🇰 Comments | Non Drop | High Quality | Slow Speed 100+/Day | No Refill | Start Time 0-1 Hours,1064.62,PKR,per_1000,10,1000,1 Hour 9 Minutes,active
500132,TikTok,🇵🇰 TikTok Comments ⭐ Premium Urdu 🇵🇰 Pakistani | 𝐇𝐢𝐠𝐡 𝐐𝐮𝐚𝐥𝐢𝐭𝐲,ᴺᴱᵂ TikTok 100% Pakistani 🇵🇰 Comments | High Quality + Uploaded Videos | 🚀🚀Fast Speed 10K/Day | No Refill | Start Time 0-1 Hours,1161.40,PKR,per_1000,10,50000,8 Hours 11 Minutes,active
500133,TikTok,🇵🇰 TikTok Comments ⭐ Premium Urdu 🇵🇰 Pakistani | 𝐇𝐢𝐠𝐡 𝐐𝐮𝐚𝐥𝐢𝐭𝐲,ᴺᴱᵂ TikTok 100% Pakistani 🇵🇰 Female Accounts 𝟱𝟬 𝗖𝗼𝗺𝗺𝗲𝗻𝘁𝘀 𝗣𝗮𝗰𝗸𝗮𝗴𝗲 | High Quality + Uploaded Videos | Speed 1000/Day | Start Time 0-1 Hours,6019.00,PKR,per_1000,50,50,New Service,active
500134,TikTok,🇵🇰 TikTok Comments ⭐ Premium Urdu 🇵🇰 Pakistani | 𝐇𝐢𝐠𝐡 𝐐𝐮𝐚𝐥𝐢𝐭𝐲,ᴺᴱᵂ TikTok 100% Pakistani 🇵🇰 Female Accounts 𝟭𝟬𝟬 𝗖𝗼𝗺𝗺𝗲𝗻𝘁𝘀 𝗣𝗮𝗰𝗸𝗮𝗴𝗲 | High Quality + Uploaded Videos | Speed 1000/Day | Start Time 0-1 Hours,6019.00,PKR,per_1000,100,100,New Service,active
500135,TikTok,🇵🇰 TikTok Comments ⭐ Premium Urdu 🇵🇰 Pakistani | 𝐇𝐢𝐠𝐡 𝐐𝐮𝐚𝐥𝐢𝐭𝐲,ᴺᴱᵂ TikTok 100% Pakistani 🇵🇰 Female Accounts 𝟮𝟬𝟬 𝗖𝗼𝗺𝗺𝗲𝗻𝘁𝘀 𝗣𝗮𝗰𝗸𝗮𝗴𝗲 | High Quality + Uploaded Videos | Speed 1000/Day | Start Time 0-1 Hours,6019.00,PKR,per_1000,200,200,New Service,active
500136,TikTok,💸 TikTok Battle ⭐ Cheapest,TikTok PK BATTLE POİNTS | Non-Drop | Instant Start | 300M/Day,51.97,PKR,per_1000,500,1000000000,49 Minutes,active
500137,TikTok,💸 TikTok Battle ⭐ Cheapest,Tiktok PK Battle Points [ Max 500M ] | Non Drop | Instant Start ⚡,56.92,PKR,per_1000,100,2147483647,0 Minutes,active
500138,TikTok,⚔️ TikTok Battle ⭐ Premium,TikTok PK Baattle Point | Max Unlimited | Non Drop | Instant Start | 500k/Day | 𝙁𝘼𝙎𝙏 𝘾𝙊𝙈𝙋𝙇𝙀𝙏𝙀,54.03,PKR,per_1000,500,2147483647,0 Minutes,active
500139,TikTok,⚔️ TikTok Battle ⭐ Premium,TikTok PK BATTLE POİNTS | Non-Drop | Instant Start | 300M/Day 🔥🔥 𝙁𝘼𝙎𝙏 𝘾𝙊𝙈𝙋𝙇𝙀𝙏𝙀𝘿,67.55,PKR,per_1000,500,1000000000,0 Minutes,active
500140,TikTok,⚔️ TikTok Battle ⭐ Premium,TikTok PK BATTLE POİNTS | Non-Drop | Instant Start | 300M/Day | 𝙁𝘼𝙎𝙏 𝘾𝙊𝙈𝙋𝙇𝙀𝙏𝙀𝘿,67.76,PKR,per_1000,100,2147483647,0 Minutes,active
500141,TikTok,⚔️ TikTok Battle ⭐ Premium,Tiktok PK BATTLE POİNTS ⚡⚡ 𝙁𝘼𝙎𝙏 𝘾𝙊𝙈𝙋𝙇𝙀𝙏𝙀𝘿,103.90,PKR,per_1000,500,1000000000,0 Minutes,active
500142,TikTok,❤️ TikTok Live ⭐ Live Likes,Tiktok Live Stream Likes [ Max Unlimited ] | Instant Start | Day 500K 🚀,4.70,PKR,per_1000,10,2147483647,0 Minutes,active
500143,TikTok,❤️ TikTok Live ⭐ Live Likes,Tiktok Live Stream Likes [ Max Unlimited ] | Instant Start | Day 1M 🚀,7.05,PKR,per_1000,50,2147483647,0 Minutes,active
500144,TikTok,❤️ TikTok Live ⭐ Live Likes,Tiktok Live Stream Likes [ Max 100M ] | HQ Accounts | Cancel Enable | Start: 0-5 Minutes | Day 500K 🚀,8.46,PKR,per_1000,10,100000000,168 Hours 1 Minute,active
500145,TikTok,🎮 TikTok Live ⭐ Stream Views,TikTok Live Stream Views [ Max 100K ] | 100% Concurrent | 15 Minutes [ Stable ] ✨,140.95,PKR,per_1000,50,100000,25 Minutes,active
500146,TikTok,🎮 TikTok Live ⭐ Stream Views,TikTok Live Stream Views [ Max 100K ] | 100% Concurrent | 30 Minutes [ Stable ] ✨,281.89,PKR,per_1000,50,100000,33 Minutes,active
500147,TikTok,🎮 TikTok Live ⭐ Stream Views,TikTok Live Stream Views [ Max 100K ] | 100% Concurrent | 45 Minutes [ Stable ] ✨,422.84,PKR,per_1000,50,100000,New Service,active
500148,TikTok,🎮 TikTok Live ⭐ Stream Views,TikTok Live Stream Views [ Max 100K ] | 100% Concurrent | 60 Minutes [ Stable ] ✨,563.79,PKR,per_1000,50,100000,1 Hour 2 Minutes,active
500149,TikTok,🎮 TikTok Live ⭐ Stream Views,TikTok Live Stream Views [ Max 100K ] | 100% Concurrent | 90 Minutes [ Stable ] ✨,845.68,PKR,per_1000,50,100000,1 Hour 34 Minutes,active
500150,TikTok,🎮 TikTok Live ⭐ Stream Views,TikTok Live Stream Views [ Max 100K ] | 100% Concurrent | 120 Minutes [ Stable ] ✨,1127.57,PKR,per_1000,50,100000,New Service,active
500151,TikTok,🎮 TikTok Live ⭐ Stream Views,TikTok Live Stream Views [ Max 100K ] | 100% Concurrent | 150 Minutes [ Stable ] ✨,1409.47,PKR,per_1000,50,100000,New Service,active
500152,TikTok,🎮 TikTok Live ⭐ Stream Views,TikTok Live Stream Views [ Max 100K ] | 100% Concurrent | 180 Minutes [ Stable ] ✨,1691.36,PKR,per_1000,50,100000,New Service,active
500153,TikTok,🎮 TikTok Live ⭐ Stream Views,TikTok Live Stream Views [ Max 100K ] | 100% Concurrent | 210 Minutes [ Stable ] ✨,1973.25,PKR,per_1000,50,100000,4 Hours 23 Minutes,active
500154,TikTok,🎮 TikTok Live ⭐ Stream Views,TikTok Live Stream Views [ Max 100K ] | 100% Concurrent | 240 Minutes [ Stable ] ✨,2255.15,PKR,per_1000,50,100000,4 Hours 10 Minutes,active
500155,TikTok,🎮 TikTok Live ⭐ Stream Views,TikTok Live Stream Views [ Max 100K ] | 100% Concurrent | 270 Minutes [ Stable ] ✨,2537.04,PKR,per_1000,50,100000,New Service,active
500156,TikTok,🎮 TikTok Live ⭐ Stream Views,TikTok Live Stream Views [ Max 100K ] | 100% Concurrent | 300 Minutes [ Stable ] ✨,2818.94,PKR,per_1000,50,100000,New Service,active
500157,TikTok,🎮 TikTok Live ⭐ Stream Views,TikTok Live Stream Views [ Max 100K ] | 100% Concurrent | 360 Minutes [ Stable ] ✨,3382.72,PKR,per_1000,50,100000,New Service,active
500158,WhatsApp,WhatsApp Meta Verified Service (Anti-Ban + Verified Setup),Connect your WhatsApp number directly with Meta’s secure system for maximum safety & stability 🔐 Your business uses a secure service from Meta,1987.71,PKR,per_unit,1,1,0 Minutes,active
500159,Instagram,❤️pakistan panels Special Offers❤️,𝐈𝐧𝐬𝐭𝐚𝐠𝐫𝐚𝐦 𝐥𝐢𝐤𝐞𝐬 𝐑𝐞𝐚𝐥 𝐀𝐜𝐜𝐨𝐮𝐧𝐭𝐬 ( 𝐍𝐨𝐧 -𝐃𝐫𝐨𝐩 ) 50𝐊/𝐃𝐚𝐲 | 𝐋𝐢𝐟𝐞𝐭𝐢𝐦𝐞 𝐑𝐞𝐟𝐢𝐥𝐥 ( 𝐖𝐨𝐫𝐥𝐝 𝐂𝐡𝐞𝐚𝐩𝐞𝐬𝐭 ),12.69,PKR,per_1000,100,10000,1 Hour 20 Minutes,active
500160,Instagram,❤️pakistan panels Special Offers❤️,| Instagram Likes | Old Real | Non-Drop | 200K/Day | Instant 🚀 | Lifetime Refill ♻️ ❤️,31.51,PKR,per_1000,1,500000,47 Minutes,active
500161,Instagram,❤️pakistan panels Special Offers❤️,| Instagram Followers | Max 10K | HQ Accounts | 10K/Day | Instant Start |❤️,98.66,PKR,per_1000,100,1000000,2 Hours 36 Minutes,active
500162,Instagram,❤️pakistan panels Special Offers❤️,𝐈𝐧𝐬𝐭𝐚𝐠𝐫𝐚𝐦 𝐅𝐨𝐥𝐥𝐨𝐰𝐞𝐫𝐬 100% 𝐑𝐞𝐚𝐥 𝐀𝐩𝐩 𝐃𝐚𝐭𝐚 ( 𝐋𝐨𝐰 𝐃𝐫𝐨𝐩 ) 200𝐊/𝐃𝐚𝐲 | 365 𝐃𝐚𝐲𝐬 𝐑𝐄𝐅𝐈𝐋𝐋 ♻️ ( 𝐈𝐧𝐬𝐭𝐚𝐧𝐭 𝐒𝐭𝐚𝐫𝐭 ),175.57,PKR,per_1000,100,50000,4 Hours 20 Minutes,active
500163,Instagram,❤️pakistan panels Special Offers❤️,𝐈𝐧𝐬𝐭𝐚𝐠𝐫𝐚𝐦 𝐅𝐨𝐥𝐥𝐨𝐰𝐞𝐫𝐬 100% 𝐑𝐞𝐚𝐥 𝐀𝐜𝐜𝐨𝐮𝐧𝐭𝐬 ( 𝐌𝐚𝐱 1𝐌 ) 250𝐊/𝐃𝐚𝐲 | 365 𝐃𝐚𝐲𝐬 𝐑𝐄𝐅𝐈𝐋𝐋 ♻️ ( 𝐁𝐢𝐠 𝐏𝐫𝐨𝐟𝐢𝐥𝐞𝐬 𝐀𝐜𝐜𝐞𝐩𝐭𝐞𝐝 ) + 20% 𝐎𝐯𝐞𝐫𝐟𝐥𝐨𝐰,199.46,PKR,per_1000,100,1000000,15 Minutes,active
500164,Instagram,❤️pakistan panels Special Offers❤️,𝐈𝐧𝐬𝐭𝐚𝐠𝐫𝐚𝐦 𝐅𝐨𝐥𝐥𝐨𝐰𝐞𝐫𝐬 𝐑𝐞𝐚𝐥 𝐀𝐜𝐜𝐨𝐮𝐧𝐭𝐬 ( 𝐋𝐞𝐬𝐬 𝐃𝐫𝐨𝐩 0-5 dropping) 100𝐊/𝐃𝐚𝐲 | 365 𝐃𝐚𝐲𝐬 𝐑𝐄𝐅𝐈𝐋𝐋 ♻️,210.70,PKR,per_1000,100,50000,46 Minutes,active
500165,Instagram,❤️pakistan panels Special Offers❤️,| Instagram Followers | 1M Max | 100% Real | 200K/Day | 365 Days Refill ♻️ | Big Profiles ✔ | +20% Bonus ❤️,262.20,PKR,per_1000,100,50000,39 Minutes,active
500166,Instagram,📸 Instagram ⭐ All-In-One Premium,𝐈𝐧𝐬𝐭𝐚𝐠𝐫𝐚𝐦 𝐑𝐞𝐞𝐥𝐬 𝐕𝐢𝐞𝐰𝐬 𝐔𝐋𝐓𝐑𝐀 𝐂𝐇𝐄𝐀𝐏 ( 𝐍𝐨𝐧 -𝐃𝐫𝐨𝐩 ) 250𝐊/𝐃𝐚𝐲 |𝐈𝐧𝐬𝐭𝐚𝐧𝐭 𝐒𝐭𝐚𝐫𝐭,0.87,PKR,per_1000,100,5000000,24 Minutes,active
500167,Instagram,📸 Instagram ⭐ All-In-One Premium,𝐈𝐧𝐬𝐭𝐚𝐠𝐫𝐚𝐦 𝐥𝐢𝐤𝐞𝐬 100% 𝐑𝐞𝐚𝐥 𝐀𝐜𝐜𝐨𝐮𝐧𝐭𝐬 ( 𝐍𝐨𝐧 -𝐃𝐫𝐨𝐩 ) 100𝐊/𝐃𝐚𝐲 | 365 𝐃𝐚𝐲\\𝐬 𝐑𝐄𝐅𝐈𝐋𝐋 ♻️,26.45,PKR,per_1000,50,300000,18 Minutes,active
500168,Instagram,📸 Instagram ⭐ All-In-One Premium,𝐈𝐧𝐬𝐭𝐚𝐠𝐫𝐚𝐦 𝐋𝐢𝐤𝐞𝐬 100% 𝐎𝐥𝐝 𝐀𝐜𝐜𝐨𝐮𝐧𝐭𝐬 𝐖𝐢𝐭𝐡 𝐏𝐨𝐬𝐭 ( 𝐍𝐨𝐧 -𝐃𝐫𝐨𝐩 ) 500𝐊/𝐃𝐚𝐲 | 𝐋𝐢𝐟𝐞𝐭𝐢𝐦𝐞 𝐑𝐞𝐟𝐢𝐥𝐥 ♻️ | 𝐎𝐧𝐞 𝐂𝐥𝐢𝐜𝐤 𝐃𝐨𝐧𝐞 ✅,28.44,PKR,per_1000,100,1000000,24 Minutes,active
500169,Instagram,📸 Instagram ⭐ All-In-One Premium,𝐈𝐧𝐬𝐭𝐚𝐠𝐫𝐚𝐦 𝐋𝐢𝐤𝐞𝐬 100% 𝐎𝐥𝐝 𝐀𝐜𝐜𝐨𝐮𝐧𝐭 𝐖𝐢𝐭𝐡 𝐩𝐨𝐬𝐭 ( 𝐍𝐨𝐧 -𝐃𝐫𝐨𝐩 ) 150𝐊/𝐃𝐚𝐲 | 𝐋𝐢𝐟𝐞𝐭𝐢𝐦𝐞 𝐑𝐞𝐟𝐢𝐥𝐥 ♻️ | 𝐈𝐧𝐬𝐭𝐚𝐧𝐭 𝐒𝐭𝐚𝐫𝐭,30.50,PKR,per_1000,1,300000,12 Minutes,active
500170,Instagram,📸 Instagram ⭐ All-In-One Premium,𝐈𝐧𝐬𝐭𝐚𝐠𝐫𝐚𝐦 𝐋𝐢𝐤𝐞𝐬 100% 𝐎𝐥𝐝 + 𝐈𝐧𝐝𝐢𝐚𝐧 🇮🇳 𝐀𝐜𝐜𝐨𝐮𝐧𝐭𝐬 𝐒𝐭𝐨𝐫𝐲 𝐌𝐢𝐱 [ 𝐌𝐚𝐱 5𝐌 ] 1𝐌/𝐃𝐚𝐲 | 𝐎𝐧𝐞 𝐂𝐥𝐢𝐜𝐤 𝐃𝐨𝐧𝐞 ✅ | 𝐀𝐥𝐰𝐚𝐲𝐬 𝐁𝐮𝐥𝐥𝐞𝐭 𝐒𝐩𝐞𝐞𝐝 𝐃𝐞𝐥𝐢𝐯𝐞𝐫𝐲 ( 𝐍𝐞𝐯𝐞𝐫 𝐒𝐭𝐮𝐜𝐤𝐞𝐝 ) | 𝐋𝐢𝐟𝐞𝐭𝐢𝐦𝐞 𝐑𝐞𝐟𝐢𝐥𝐥 ♻️ |,31.51,PKR,per_1000,1,500000,3 Minutes,active
500171,Instagram,📸 Instagram ⭐ All-In-One Premium,𝐈𝐧𝐬𝐭𝐚𝐠𝐫𝐚𝐦 𝐅𝐨𝐥𝐥𝐨𝐰𝐞𝐫𝐬 𝐑𝐞𝐚𝐥 + 𝐎𝐥𝐝 𝐀𝐜𝐜𝐨𝐮𝐧𝐭𝐬 [ 𝐌𝐚𝐱 100 ] 50𝐊/𝐃𝐚𝐲 | 𝐍𝐨 𝐑𝐞𝐟𝐢𝐥𝐥 ⚠️ 𝐈𝐧𝐬𝐭𝐚𝐧𝐭 𝐒𝐭𝐚𝐫𝐭 🚀🚀 ( 𝐍𝐚𝐭𝐮𝐫𝐚𝐥 𝐒𝐩𝐞𝐞𝐝 ),71.20,PKR,per_1000,100,5000,9 Hours 7 Minutes,active
500172,Instagram,📸 Instagram ⭐ All-In-One Premium,𝐈𝐧𝐬𝐭𝐚𝐠𝐫𝐚𝐦 𝐅𝐨𝐥𝐥𝐨𝐰𝐞𝐫𝐬 100% 𝐑𝐞𝐚𝐥 𝐈𝐧𝐝𝐢𝐚𝐧 𝐀𝐜𝐜𝐨𝐮𝐧𝐭𝐬 ( 𝐍𝐨𝐧 -𝐃𝐫𝐨𝐩 ) 500𝐊/𝐃𝐚𝐲 | 365 𝐃𝐚𝐲𝐬 𝐑𝐄𝐅𝐈𝐋𝐋 ♻️ | 𝐎𝐧𝐞 𝐂𝐥𝐢𝐜𝐤 𝐃𝐨𝐧𝐞 ✅,152.15,PKR,per_1000,100,50000,5 Hours 43 Minutes,active
500173,Instagram,📸 Instagram ⭐ All-In-One Premium,𝐈𝐧𝐬𝐭𝐚𝐠𝐫𝐚𝐦 𝐅𝐨𝐥𝐥𝐨𝐰𝐞𝐫𝐬 100% 𝐑𝐞𝐚𝐥 𝐀𝐜𝐜𝐨𝐮𝐧𝐭𝐬 [ 𝐌𝐚𝐱 100𝐊 ] 𝐕𝐞𝐫𝐲 𝐋𝐨𝐰 𝐃𝐫𝐨𝐩 | 𝐔𝐋𝐓𝐑𝐀 𝐅𝐀𝐒𝐓 500𝐊/𝐃𝐚𝐲 | 𝐋𝐢𝐟𝐞𝐭𝐢𝐦𝐞 𝐑𝐄𝐅𝐈𝐋𝐋 ♻️ | 𝐎𝐧𝐞 𝐂𝐥𝐢𝐜𝐤 𝐃𝐨𝐧𝐞 ✅,162.67,PKR,per_1000,100,100000,4 Hours 25 Minutes,active
500174,Instagram,📦 Instagram Emergency Update ⭐ One Click,𝐈𝐧𝐬𝐭𝐚𝐠𝐫𝐚𝐦 𝐑𝐞𝐞𝐥𝐬 𝐕𝐢𝐞𝐰𝐬 ( 𝐍𝐨𝐧 𝐃𝐫𝐨𝐩 ) 500𝐊/ 𝐏𝐞𝐫 𝐇𝐨𝐮𝐫 | 𝐎𝐧𝐞 𝐂𝐥𝐢𝐜𝐤 𝐒𝐭𝐚𝐫𝐭 ⚡⚡⚡⚡ ( 𝐍𝐞𝐯𝐞𝐫 𝐒𝐭𝐮𝐜𝐤𝐞𝐝 ),0.61,PKR,per_1000,100,1000000000,New Service,active
500175,Instagram,📦 Instagram Emergency Update ⭐ One Click,𝐈𝐧𝐬𝐭𝐚𝐠𝐫𝐚𝐦 𝐋𝐢𝐤𝐞𝐬 𝐇𝐐 𝐀𝐜𝐜𝐨𝐮𝐧𝐭𝐬 ( 𝐌𝐚𝐱 1𝐌 ) 50𝐊/𝐃𝐚𝐲 | 365 𝐃𝐚𝐲𝐬 𝐑𝐞𝐟𝐢𝐥𝐥 ♻️,14.24,PKR,per_1000,10,1000000,1 Hour 19 Minutes,active
500176,Instagram,📦 Instagram Emergency Update ⭐ One Click,𝐈𝐧𝐬𝐭𝐚𝐠𝐫𝐚𝐦 𝐥𝐢𝐤𝐞𝐬 100% 𝐑𝐞𝐚𝐥 𝐀𝐜𝐜𝐨𝐮𝐧𝐭𝐬 ( 𝐀𝐥𝐦𝐨𝐬𝐭 𝐍𝐨𝐧 𝐃𝐫𝐨𝐩 ) 200𝐊/𝐃𝐚𝐲 | 𝐋𝐢𝐟𝐞𝐭𝐢𝐦𝐞 𝐑𝐞𝐟𝐢𝐥𝐥 ♻️ 𝐈𝐧𝐬𝐭𝐚𝐧𝐭 𝐒𝐭𝐚𝐫𝐭 ⚡⚡,16.26,PKR,per_1000,10,1000000,New Service,active
500177,Instagram,📦 Instagram Emergency Update ⭐ One Click,𝐈𝐧𝐬𝐭𝐚𝐠𝐫𝐚𝐦 𝐥𝐢𝐤𝐞𝐬 100% 𝐑𝐞𝐚𝐥 𝐀𝐜𝐜𝐨𝐮𝐧𝐭𝐬 ( 𝐍𝐨𝐧 𝐃𝐫𝐨𝐩 ) 100𝐊/𝐃𝐚𝐲 | 𝐋𝐢𝐟𝐞𝐭𝐢𝐦𝐞 𝐑𝐞𝐟𝐢𝐥𝐥 ♻️,18.83,PKR,per_1000,100,5000,New Service,active
500178,Instagram,📦 Instagram Emergency Update ⭐ One Click,𝐈𝐧𝐬𝐭𝐚𝐠𝐫𝐚𝐦 𝐅𝐨𝐥𝐥𝐨𝐰𝐞𝐫𝐬 100% 𝐎𝐥𝐝 𝐀𝐜𝐜𝐨𝐮𝐧𝐭 𝐖𝐢𝐭𝐡 𝐏𝐨𝐬𝐭 [ 𝐍𝐨𝐧 𝐃𝐫𝐨𝐩 ] 500𝐊/𝐃𝐚𝐲 | 𝐍𝐨 𝐑𝐄𝐅𝐈𝐋𝐋 ⚠️ | 𝐒𝐭𝐚𝐛𝐥𝐞 𝐀𝐟𝐭𝐞𝐫 𝐔𝐩𝐝𝐚𝐭𝐞 ⭐⭐⭐⭐⭐,166.68,PKR,per_1000,10,1000000,New Service,active
500179,Instagram,📦 Instagram Emergency Update ⭐ One Click,𝐈𝐧𝐬𝐭𝐚𝐠𝐫𝐚𝐦 𝐟𝐨𝐥𝐥𝐨𝐰𝐞𝐫𝐬 100% 𝐑𝐞𝐚𝐥 𝐀𝐜𝐜𝐨𝐮𝐧𝐭𝐬 𝐰𝐢𝐭𝐡 3-7 𝐏𝐨𝐬𝐭𝐬 [ 𝐍𝐨𝐧 𝐃𝐫𝐨𝐩 ) 𝐔𝐥𝐭𝐫𝐚 𝐅𝐚𝐬𝐭 𝐏𝐫𝐨𝐯𝐢𝐝𝐞𝐫 400𝐊/𝐃𝐚𝐲 | 𝐈𝐧𝐬𝐭𝐚𝐧𝐭 𝐒𝐭𝐚𝐫𝐭| 𝐋𝐢𝐟𝐞𝐭𝐢𝐦𝐞 𝐑𝐞𝐟𝐢𝐥𝐥 | 𝐎𝐧𝐞 𝐂𝐥𝐢𝐜𝐤 𝐃𝐨𝐧𝐞 ✅ 🚀🚀🚀🚀,180.99,PKR,per_1000,50,500000,14 Hours 23 Minutes,active
500180,Instagram,📦 Instagram Emergency Update ⭐ One Click,𝐈𝐧𝐬𝐭𝐚𝐠𝐫𝐚𝐦 𝐟𝐨𝐥𝐥𝐨𝐰𝐞𝐫𝐬 100% 𝐑𝐞𝐚𝐥 𝐀𝐜𝐜𝐨𝐮𝐧𝐭𝐬 𝐰𝐢𝐭𝐡 3-7 𝐏𝐨𝐬𝐭𝐬 [ 𝐍𝐨𝐧 𝐃𝐫𝐨𝐩 ) 𝐔𝐥𝐭𝐫𝐚 𝐅𝐚𝐬𝐭 𝐏𝐫𝐨𝐯𝐢𝐝𝐞𝐫 400𝐊/𝐃𝐚𝐲 | 𝐈𝐧𝐬𝐭𝐚𝐧𝐭 𝐒𝐭𝐚𝐫𝐭| 365 𝐃𝐚𝐲𝐬 𝐑𝐞𝐟𝐢𝐥𝐥 | 𝐎𝐧𝐞 𝐂𝐥𝐢𝐜𝐤 𝐃𝐨𝐧𝐞 ✅ 🚀🚀🚀🚀,185.58,PKR,per_1000,100,500000,New Service,active
500181,Instagram,📦 Instagram Emergency Update ⭐ One Click,𝐈𝐧𝐬𝐭𝐚𝐠𝐫𝐚𝐦 𝐟𝐨𝐥𝐥𝐨𝐰𝐞𝐫𝐬 100% 𝐑𝐞𝐚𝐥 𝐀𝐜𝐜𝐨𝐮𝐧𝐭𝐬 𝐖𝐢𝐭𝐡 5-7 𝐏𝐨𝐬𝐭 ( 𝐋𝐨𝐰 𝐃𝐫𝐨𝐩 ) 500𝐊/𝐃𝐚𝐲 | 365 𝐃𝐚𝐲𝐬 𝐑𝐞𝐟𝐢𝐥𝐥 ♻️ ( 𝐄𝐦𝐞𝐫𝐠𝐞𝐧𝐜𝐲 𝐔𝐩𝐝𝐚𝐭𝐞 ) 𝐎𝐧𝐞 𝐂𝐥𝐢𝐜𝐤 𝐃𝐨𝐧𝐞 ✅,188.11,PKR,per_1000,10,10000000,New Service,active
500182,Instagram,📦 Instagram Emergency Update ⭐ One Click,𝐈𝐧𝐬𝐭𝐚𝐠𝐫𝐚𝐦 𝐟𝐨𝐥𝐥𝐨𝐰𝐞𝐫𝐬 100% 𝐈𝐧𝐝𝐢𝐚𝐧 🇮🇳 𝐀𝐜𝐜𝐨𝐮𝐧𝐭𝐬 𝐖𝐢𝐭𝐡 𝐒𝐭𝐨𝐫𝐲 𝐒𝐡𝐚𝐫𝐞𝐝 𝐀𝐜𝐜𝐨𝐮𝐧𝐭𝐬 ( 𝐍𝐨𝐧 𝐃𝐫𝐨𝐩 ) 200𝐊/𝐃𝐚𝐲 | 365 𝐃𝐚𝐲𝐬 𝐑𝐞𝐟𝐢𝐥𝐥 ♻️ | 𝐄𝐦𝐞𝐫𝐠𝐞𝐧𝐜𝐲 𝐔𝐩𝐝𝐚𝐭𝐞| 𝐎𝐧𝐞 𝐂𝐥𝐢𝐜𝐤 𝐃𝐨𝐧𝐞 ✅,198.30,PKR,per_1000,10,10000000,New Service,active
500183,Instagram,📦 Instagram Emergency Update ⭐ One Click,𝐈𝐧𝐬𝐭𝐚𝐠𝐫𝐚𝐦 𝐟𝐨𝐥𝐥𝐨𝐰𝐞𝐫𝐬 100% 𝐈𝐧𝐝𝐢𝐚𝐧 🇮🇳 𝐏𝐫𝐞𝐦𝐢𝐮𝐦 𝐀𝐜𝐜𝐨𝐮𝐧𝐭𝐬 𝐖𝐢𝐭𝐡 15-20 𝐏𝐨𝐬𝐭 & 𝐒𝐭𝐨𝐫𝐲 𝐛𝐢𝐨 𝐒𝐡𝐚𝐫𝐞𝐝 𝐏𝐫𝐨𝐟𝐢𝐥𝐞𝐬 ( 𝐍𝐨𝐧 𝐃𝐫𝐨𝐩 ) 500𝐊/𝐃𝐚𝐲 | 365 𝐃𝐚𝐲𝐬 𝐑𝐞𝐟𝐢𝐥𝐥 ♻️ | 𝐄𝐦𝐞𝐫𝐠𝐞𝐧𝐜𝐲 𝐔𝐩𝐝𝐚𝐭𝐞| 𝐎𝐧𝐞 𝐂𝐥𝐢𝐜𝐤 𝐃𝐨𝐧𝐞 ✅,228.80,PKR,per_1000,10,10000000,New Service,active
500184,Instagram,♻️ Instagram Followers ⭐ Refill,𝐈𝐧𝐬𝐭𝐚𝐠𝐫𝐚𝐦 𝐟𝐨𝐥𝐥𝐨𝐰𝐞𝐫𝐬 𝐎𝐥𝐝 𝐀𝐜𝐜𝐨𝐮𝐧𝐭𝐬 𝐖𝐢𝐭𝐡 𝐏𝐨𝐬𝐭\\𝐬 [ 𝐌𝐚𝐱 10𝐌 ] 𝐔𝐥𝐭𝐫𝐚 𝐅𝐚𝐬𝐭 𝐏𝐫𝐨𝐯𝐢𝐝𝐞𝐫 500𝐊/𝐃𝐚𝐲 | 365 𝐃𝐚𝐲𝐬 𝐑𝐞𝐟𝐢𝐥𝐥 ♻️🚀🚀🚀🚀[ 𝐁𝐢𝐠 𝐏𝐫𝐨𝐟𝐢𝐥𝐞𝐬 𝐀𝐜𝐜𝐞𝐩𝐭𝐞𝐝 ],264.00,PKR,per_1000,10,10000,9 Hours 21 Minutes,active
500185,Instagram,♻️ Instagram Followers ⭐ Refill,𝐈𝐧𝐬𝐭𝐚𝐠𝐫𝐚𝐦 𝐅𝐨𝐥𝐥𝐨𝐰𝐞𝐫𝐬 100% 𝐎𝐥𝐝 𝐀𝐜𝐜𝐨𝐮𝐧𝐭 𝐖𝐢𝐭𝐡 15 𝐏𝐨𝐬𝐭 [ 5%~𝐃𝐫𝐨𝐩 ] 800𝐤 𝐝𝐚𝐲𝐬 | 𝐋𝐢𝐟𝐞𝐭𝐢𝐦𝐞 𝐑𝐞𝐟𝐢𝐥𝐥 ♻️😍 𝐁𝐮𝐥𝐥𝐞𝐭 𝐒𝐩𝐞𝐞𝐝 𝐝𝐞𝐥𝐢𝐯𝐞𝐫𝐲 | 𝐀𝐥𝐥 𝐅𝐥𝐚𝐠 | 𝐅𝐥𝐚𝐠 𝐎𝐧/𝐎𝐅𝐅⭐ 💝 ⭐,327.36,PKR,per_1000,10,5000000,5 Hours 9 Minutes,active
500186,Instagram,⭐ Instagram Followers ⭐ Direct Provider Cheap,𝐈𝐧𝐬𝐭𝐚𝐠𝐫𝐚𝐦 𝐅𝐨𝐥𝐥𝐨𝐰𝐞𝐫𝐬 𝐑𝐞𝐚𝐥 + 𝐎𝐥𝐝 𝐀𝐜𝐜𝐨𝐮𝐧𝐭𝐬 [ 𝐌𝐚𝐱 100 ] 50𝐊/𝐃𝐚𝐲 | 𝐍𝐨 𝐑𝐞𝐟𝐢𝐥𝐥 ⚠️ 𝐈𝐧𝐬𝐭𝐚𝐧𝐭 𝐒𝐭𝐚𝐫𝐭 🚀🚀 ( 𝐍𝐚𝐭𝐮𝐫𝐚𝐥 𝐒𝐩𝐞𝐞𝐝 ),76.65,PKR,per_1000,100,5000,6 Hours 21 Minutes,active
500187,Instagram,⭐ Instagram Followers ⭐ Direct Provider Cheap,𝐈𝐧𝐬𝐭𝐚𝐠𝐫𝐚𝐦 𝐅𝐨𝐥𝐥𝐨𝐰𝐞𝐫𝐬 𝐑𝐞𝐚𝐥 + 𝐎𝐥𝐝 𝐀𝐜𝐜𝐨𝐮𝐧𝐭𝐬 [ 𝐌𝐚𝐱 200 ] 20𝐊/𝐃𝐚𝐲 | 𝐍𝐨 𝐑𝐞𝐟𝐢𝐥𝐥 ⚠️ 𝐈𝐧𝐬𝐭𝐚𝐧𝐭 𝐒𝐭𝐚𝐫𝐭,98.55,PKR,per_1000,100,100000,11 Hours 32 Minutes,active
500188,Instagram,⭐ Instagram Followers ⭐ Direct Provider Cheap,𝐈𝐧𝐬𝐭𝐚𝐠𝐫𝐚𝐦 𝐅𝐨𝐥𝐥𝐨𝐰𝐞𝐫𝐬 100% 𝐑𝐞𝐚𝐥 𝐈𝐧𝐝𝐢𝐚𝐧 𝐀𝐜𝐜𝐨𝐮𝐧𝐭𝐬 ( 𝐍𝐨𝐧 -𝐃𝐫𝐨𝐩 ) 500𝐊/𝐃𝐚𝐲 | 365 𝐃𝐚𝐲𝐬 𝐑𝐄𝐅𝐈𝐋𝐋 ♻️ | 𝐎𝐧𝐞 𝐂𝐥𝐢𝐜𝐤 𝐃𝐨𝐧𝐞 ✅,163.86,PKR,per_1000,100,50000,1 Hour 42 Minutes,active
500189,Instagram,⭐ Instagram Followers ⭐ Direct Provider Cheap,𝐈𝐧𝐬𝐭𝐚𝐠𝐫𝐚𝐦 𝐅𝐨𝐥𝐥𝐨𝐰𝐞𝐫𝐬 100% 𝐑𝐞𝐚𝐥 𝐀𝐜𝐜𝐨𝐮𝐧𝐭𝐬 [ 𝐌𝐚𝐱 100𝐊 ] 𝐕𝐞𝐫𝐲 𝐋𝐨𝐰 𝐃𝐫𝐨𝐩 | 𝐔𝐋𝐓𝐑𝐀 𝐅𝐀𝐒𝐓 500𝐊/𝐃𝐚𝐲 | 𝐋𝐢𝐟𝐞𝐭𝐢𝐦𝐞 𝐑𝐄𝐅𝐈𝐋𝐋 ♻️ | 𝐎𝐧𝐞 𝐂𝐥𝐢𝐜𝐤 𝐃𝐨𝐧𝐞 ✅,175.21,PKR,per_1000,100,100000,8 Hours 40 Minutes,active
500190,Instagram,📦 Instagram Followers ⭐ Old Accounts With Posts,𝐈𝐧𝐬𝐭𝐚𝐠𝐫𝐚𝐦 𝐅𝐨𝐥𝐥𝐨𝐰𝐞𝐫𝐬 100% 𝐎𝐥𝐝 𝐀𝐜𝐜𝐨𝐮𝐧𝐭 𝐖𝐢𝐭𝐡 3-5 𝐏𝐨𝐬𝐭 [ 𝐌𝐚𝐱 5𝐌 ] ( 𝐋𝐨𝐰 𝐃𝐫𝐨𝐩 ) 100𝐊/𝐃𝐚𝐲 | 60 𝐃𝐚𝐲𝐬 𝐑𝐄𝐅𝐈𝐋𝐋 ♻️ | 𝐈𝐧𝐬𝐭𝐚𝐧𝐭 𝐒𝐭𝐚𝐫𝐭 🚀🚀🚀,180.05,PKR,per_1000,10,100000,20 Minutes,active
500191,Instagram,📦 Instagram Followers ⭐ Old Accounts With Posts,𝐈𝐧𝐬𝐭𝐚𝐠𝐫𝐚𝐦 𝐅𝐨𝐥𝐥𝐨𝐰𝐞𝐫𝐬 100% 𝐎𝐥𝐝 𝐀𝐜𝐜𝐨𝐮𝐧𝐭 𝐖𝐢𝐭𝐡 3-5 𝐏𝐨𝐬𝐭 [ 𝐌𝐚𝐱 5𝐌 ] ( 𝐋𝐨𝐰 𝐃𝐫𝐨𝐩 ) 100𝐊/𝐃𝐚𝐲 | 30 𝐃𝐚𝐲𝐬 𝐑𝐄𝐅𝐈𝐋𝐋 ♻️ | 𝐈𝐧𝐬𝐭𝐚𝐧𝐭 𝐒𝐭𝐚𝐫𝐭 🚀🚀🚀,180.52,PKR,per_1000,10,100000,2 Hours 33 Minutes,active
500192,Instagram,📦 Instagram Followers ⭐ Old Accounts With Posts,𝐈𝐧𝐬𝐭𝐚𝐠𝐫𝐚𝐦 𝐅𝐨𝐥𝐥𝐨𝐰𝐞𝐫𝐬 100% 𝐎𝐥𝐝 𝐀𝐜𝐜𝐨𝐮𝐧𝐭 𝐖𝐢𝐭𝐡 3-5 𝐏𝐨𝐬𝐭 [ 𝐌𝐚𝐱 5𝐌 ] ( 𝐋𝐨𝐰 𝐃𝐫𝐨𝐩 ) 100𝐊/𝐃𝐚𝐲 | 90 𝐃𝐚𝐲𝐬 𝐑𝐄𝐅𝐈𝐋𝐋 ♻️ | 𝐈𝐧𝐬𝐭𝐚𝐧𝐭 𝐒𝐭𝐚𝐫𝐭 🚀🚀🚀,190.53,PKR,per_1000,10,100000,3 Hours 23 Minutes,active
500193,Instagram,📦 Instagram Followers ⭐ Old Accounts With Posts,𝐈𝐧𝐬𝐭𝐚𝐠𝐫𝐚𝐦 𝐅𝐨𝐥𝐥𝐨𝐰𝐞𝐫𝐬 100% 𝐎𝐥𝐝 𝐀𝐜𝐜𝐨𝐮𝐧𝐭 𝐖𝐢𝐭𝐡 3-5 𝐏𝐨𝐬𝐭 [ 𝐌𝐚𝐱 5𝐌 ] ( 𝐋𝐨𝐰 𝐃𝐫𝐨𝐩 ) 100𝐊/𝐃𝐚𝐲 | 365 𝐃𝐚𝐲𝐬 𝐑𝐄𝐅𝐈𝐋𝐋 ♻️ | 𝐈𝐧𝐬𝐭𝐚𝐧𝐭 𝐒𝐭𝐚𝐫𝐭 🚀🚀🚀,211.96,PKR,per_1000,10,100000,3 Hours 46 Minutes,active
500194,Instagram,📦 Instagram Followers ⭐ Old Accounts With Posts,𝐈𝐧𝐬𝐭𝐚𝐠𝐫𝐚𝐦 𝐅𝐨𝐥𝐥𝐨𝐰𝐞𝐫𝐬 100% 𝐎𝐥𝐝 𝐀𝐜𝐜𝐨𝐮𝐧𝐭 𝐖𝐢𝐭𝐡 3-5 𝐏𝐨𝐬𝐭 [ 𝐌𝐚𝐱 5𝐌 ] ( 𝐋𝐨𝐰 𝐃𝐫𝐨𝐩 ) 100𝐊/𝐃𝐚𝐲 | 𝐋𝐢𝐟𝐞𝐭𝐢𝐦𝐞 𝐑𝐄𝐅𝐈𝐋𝐋 ♻️ | 𝐈𝐧𝐬𝐭𝐚𝐧𝐭 𝐒𝐭𝐚𝐫𝐭 🚀🚀🚀,222.41,PKR,per_1000,10,100000,46 Minutes,active
500195,Instagram,🌍 Instagram Followers ⭐ [ 𝐔𝐩𝐝𝐚𝐭𝐞𝐝 ],Instagram Followers 🌟 | Premium Quality 💎 | Old Accounts 🔥 | Non Drop 🔐 | Speed: 50K/Day 🚀 | Cancel & 𝗥𝗘𝗙𝗜𝗟𝗟 𝐁𝐮𝐭𝐭𝐨𝐧 𝐄𝐧𝐚𝐛𝐥𝐞𝐝 🔥| Refill: Lifetime ♻️ | Start: 1hrs ⏱,463.71,PKR,per_1000,100,1000000,1 Hour 22 Minutes,active
500196,Instagram,🌍 Instagram Followers ⭐ Worldwide Mixed,⭐ Instagram Followers – Old & Active Profiles (with Posts) | | High Stability 365 𝐃𝐚𝐲𝐬 𝐑𝐞𝐟𝐢𝐥𝐥 ♻️ 𝐈𝐧𝐬𝐭𝐚𝐧𝐭 𝐒𝐭𝐚𝐫t,264.62,PKR,per_1000,100,1000000,3 Hours 56 Minutes,active
500197,Instagram,🌍 Instagram Followers ⭐ Worldwide Mixed,⭐ Instagram Followers ⭐[ 𝗠𝗶𝘅𝗲𝗱 𝐀𝐜𝐜𝐨𝐮𝐧𝐭𝐬 ] [Speed: 50k Day] [ Non Drop] 𝟏 𝗠𝗶𝗻𝘂𝘁𝗲𝘀 𝗖𝗼𝗺𝗽𝗹𝗲𝘁𝗲𝗱 🔥| Market Cheapest 🌍,281.89,PKR,per_1000,100,50000,2 Hours 38 Minutes,active
500198,Instagram,🌍 Instagram Followers ⭐ Worldwide Mixed,⭐ Instagram Followers ⭐[ 𝗠𝗶𝘅𝗲𝗱 𝐀𝐜𝐜𝐨𝐮𝐧𝐭𝐬 ] [Speed: 100k Day] [ Non Drop] 𝟏 𝗠𝗶𝗻𝘂𝘁𝗲𝘀 𝗖𝗼𝗺𝗽𝗹𝗲𝘁𝗲𝗱 🔥| Market Cheapest 🌍,293.64,PKR,per_1000,100,100000,1 Hour 46 Minutes,active
500199,Instagram,🛡️ Instagram Followers ⭐ Lifetime Refill,Instagram Followers ⭐ 𝐎𝐥𝐝 𝐀𝐜𝐜𝐨𝐮𝐧𝐭𝐬 𝐖𝐢𝐭𝐡 𝐏𝐨𝐬𝐭𝐬 [ All Flag Types Working ] [Speed: 20k Day] [ 𝐋𝐢𝐟𝐞𝐭𝐢𝐦𝐞 𝐆𝐮𝐫𝐚𝐧𝐭𝐞𝐝♻️] [Start Time: 0-1hrs],211.20,PKR,per_1000,10,1000000,2 Hours 4 Minutes,active
500200,Instagram,🛡️ Instagram Followers ⭐ Lifetime Refill,Instagram Followers ⭐ 𝐎𝐥𝐝 𝐀𝐜𝐜𝐨𝐮𝐧𝐭𝐬 𝐖𝐢𝐭𝐡 𝐏𝐨𝐬𝐭𝐬 [ All Flag Types Working ] [Speed: 50k Day] [ 𝐋𝐢𝐟𝐞𝐭𝐢𝐦𝐞 𝐆𝐮𝐫𝐚𝐧𝐭𝐞𝐝♻️] [Start Time:0- 5Minutes],236.54,PKR,per_1000,10,50000,5 Hours 12 Minutes,active
500201,Instagram,🛡️ Instagram Followers ⭐ Lifetime Refill,Instagram Followers ⭐ [ 𝐒𝐭𝐚𝐛𝐥𝐞 ] [ All Flag Types Working ] [Speed: 100k Day] [ Non Drop] [ 𝐋𝐢𝐟𝐞𝐭𝐢𝐦𝐞 𝐆𝐮𝐫𝐚𝐧𝐭𝐞𝐝♻️] [Start Time: 0-1hrs],253.42,PKR,per_1000,10,1000000,140 Hours 54 Minutes,active
500202,Instagram,🛡️ Instagram Followers ⭐ Lifetime Refill,Instagram Followers ⭐ [ 𝐒𝐭𝐚𝐛𝐥𝐞 ] [ All Flag Types Working] [Speed: 500k Day] [ Non Drop] [ 𝐋𝐢𝐟𝐞𝐭𝐢𝐦𝐞 𝐆𝐮𝐫𝐚𝐧𝐭𝐞𝐝♻️] [Start Time: 0-1hrs],308.35,PKR,per_1000,10,1000000,48 Minutes,active
500203,Instagram,💯 Instagram Followers ⭐ Non-Drop,𝐈𝐧𝐬𝐭𝐚𝐠𝐫𝐚𝐦 𝐅𝐨𝐥𝐥𝐨𝐰𝐞𝐫𝐬 100% 𝐑𝐞𝐚𝐥 + 𝐎𝐥𝐝 𝐀𝐜𝐜𝐨𝐮𝐧𝐭𝐬 𝐌𝐢𝐱 [ 𝐌𝐚𝐱 5𝐌 ] 𝐕𝐞𝐫𝐲 𝐋𝐨𝐰 𝐃𝐫𝐨𝐩 | 𝐔𝐋𝐓𝐑𝐀 𝐅𝐀𝐒𝐓 500𝐊/𝐃𝐚𝐲 | 𝐍𝐨 𝐑𝐄𝐅𝐈𝐋𝐋 ⚠️ | 𝐎𝐧𝐞 𝐂𝐥𝐢𝐜𝐤 𝐃𝐨𝐧𝐞 ✅,136.75,PKR,per_1000,100,500000,4 Hours 53 Minutes,active
500204,Instagram,💯 Instagram Followers ⭐ Non-Drop,𝐈𝐧𝐬𝐭𝐚𝐠𝐫𝐚𝐦 𝐅𝐨𝐥𝐥𝐨𝐰𝐞𝐫𝐬 100% 𝐑𝐞𝐚𝐥 + 𝐎𝐥𝐝 𝐀𝐜𝐜𝐨𝐮𝐧𝐭𝐬 𝐌𝐢𝐱 [ 𝐌𝐚𝐱 5𝐌 ] 𝐕𝐞𝐫𝐲 𝐋𝐨𝐰 𝐃𝐫𝐨𝐩 | 𝐔𝐋𝐓𝐑𝐀 𝐅𝐀𝐒𝐓 500𝐊/𝐃𝐚𝐲 | 30 𝐃𝐚𝐲𝐬 𝐑𝐄𝐅𝐈𝐋𝐋 ♻️ | 𝐎𝐧𝐞 𝐂𝐥𝐢𝐜𝐤 𝐃𝐨𝐧𝐞 ✅,140.08,PKR,per_1000,100,500000,7 Hours 0 Minutes,active
500205,Instagram,💯 Instagram Followers ⭐ Non-Drop,𝐈𝐧𝐬𝐭𝐚𝐠𝐫𝐚𝐦 𝐅𝐨𝐥𝐥𝐨𝐰𝐞𝐫𝐬 100% 𝐑𝐞𝐚𝐥 + 𝐎𝐥𝐝 𝐀𝐜𝐜𝐨𝐮𝐧𝐭𝐬 𝐌𝐢𝐱 [ 𝐌𝐚𝐱 5𝐌 ] 𝐕𝐞𝐫𝐲 𝐋𝐨𝐰 𝐃𝐫𝐨𝐩 | 𝐔𝐋𝐓𝐑𝐀 𝐅𝐀𝐒𝐓 500𝐊/𝐃𝐚𝐲 | 60 𝐃𝐚𝐲𝐬 𝐑𝐄𝐅𝐈𝐋𝐋 ♻️ | 𝐎𝐧𝐞 𝐂𝐥𝐢𝐜𝐤 𝐃𝐨𝐧𝐞 ✅,144.45,PKR,per_1000,100,500000,11 Hours 0 Minutes,active
500206,Instagram,💯 Instagram Followers ⭐ Non-Drop,𝐈𝐧𝐬𝐭𝐚𝐠𝐫𝐚𝐦 𝐅𝐨𝐥𝐥𝐨𝐰𝐞𝐫𝐬 100% 𝐑𝐞𝐚𝐥 + 𝐎𝐥𝐝 𝐀𝐜𝐜𝐨𝐮𝐧𝐭𝐬 𝐌𝐢𝐱 [ 𝐌𝐚𝐱 5𝐌 ] 𝐕𝐞𝐫𝐲 𝐋𝐨𝐰 𝐃𝐫𝐨𝐩 | 𝐔𝐋𝐓𝐑𝐀 𝐅𝐀𝐒𝐓 500𝐊/𝐃𝐚𝐲 | 90 𝐃𝐚𝐲𝐬 𝐑𝐄𝐅𝐈𝐋𝐋 ♻️ | 𝐎𝐧𝐞 𝐂𝐥𝐢𝐜𝐤 𝐃𝐨𝐧𝐞 ✅,148.83,PKR,per_1000,100,500000,26 Minutes,active
500207,Instagram,💯 Instagram Followers ⭐ Non-Drop,𝐈𝐧𝐬𝐭𝐚𝐠𝐫𝐚𝐦 𝐅𝐨𝐥𝐥𝐨𝐰𝐞𝐫𝐬 100% 𝐑𝐞𝐚𝐥 + 𝐎𝐥𝐝 𝐀𝐜𝐜𝐨𝐮𝐧𝐭𝐬 𝐌𝐢𝐱 [ 𝐌𝐚𝐱 5𝐌 ] 𝐕𝐞𝐫𝐲 𝐋𝐨𝐰 𝐃𝐫𝐨𝐩 | 𝐔𝐋𝐓𝐑𝐀 𝐅𝐀𝐒𝐓 500𝐊/𝐃𝐚𝐲 | 365 𝐃𝐚𝐲𝐬 𝐑𝐄𝐅𝐈𝐋𝐋 ♻️ | 𝐎𝐧𝐞 𝐂𝐥𝐢𝐜𝐤 𝐃𝐨𝐧𝐞 ✅,153.20,PKR,per_1000,100,500000,12 Hours 56 Minutes,active
500208,Instagram,💯 Instagram Followers ⭐ Non-Drop,𝐈𝐧𝐬𝐭𝐚𝐠𝐫𝐚𝐦 𝐅𝐨𝐥𝐥𝐨𝐰𝐞𝐫𝐬 100% 𝐑𝐞𝐚𝐥 + 𝐎𝐥𝐝 𝐀𝐜𝐜𝐨𝐮𝐧𝐭𝐬 𝐌𝐢𝐱 [ 𝐌𝐚𝐱 5𝐌 ] 𝐕𝐞𝐫𝐲 𝐋𝐨𝐰 𝐃𝐫𝐨𝐩 | 𝐔𝐋𝐓𝐑𝐀 𝐅𝐀𝐒𝐓 500𝐊/𝐃𝐚𝐲 | 𝐋𝐢𝐟𝐞𝐭𝐢𝐦𝐞 𝐑𝐄𝐅𝐈𝐋𝐋 ♻️ | 𝐎𝐧𝐞 𝐂𝐥𝐢𝐜𝐤 𝐃𝐨𝐧𝐞 ✅,162.67,PKR,per_1000,100,500000,18 Minutes,active
500209,Instagram,⭐ Instagram Followers ⭐ [ Refill Working ],Instagram Followers 🌟 | Premium Quality 💎 | Old Accounts 🔥 | Non Drop 🔐 | Speed: 50K/Day 🚀 | Cancel & 𝗥𝗘𝗙𝗜𝗟𝗟 𝐁𝐮𝐭𝐭𝐨𝐧 𝐄𝐧𝐚𝐛𝐥𝐞𝐝 🔥| Refill: 30Days ♻️ | Start: 1hrs ⏱,355.19,PKR,per_1000,100,1000000,59 Minutes,active
500210,Instagram,⭐ Instagram Followers ⭐ [ Refill Working ],Instagram Followers 🌟 | Premium Quality 💎 | Old Accounts 🔥 | Non Drop 🔐 | Speed: 50K/Day 🚀 | Cancel & 𝗥𝗘𝗙𝗜𝗟𝗟 𝐁𝐮𝐭𝐭𝐨𝐧 𝐄𝐧𝐚𝐛𝐥𝐞𝐝 🔥| Refill: 60Days ♻️ | Start: 1hrs ⏱,374.92,PKR,per_1000,100,1000000,1 Hour 23 Minutes,active
500211,Instagram,⭐ Instagram Followers ⭐ [ Refill Working ],Instagram Followers 🌟 | Premium Quality 💎 | Old Accounts 🔥 | Non Drop 🔐 | Speed: 50K/Day 🚀 | Cancel & 𝗥𝗘𝗙𝗜𝗟𝗟 𝐁𝐮𝐭𝐭𝐨𝐧 𝐄𝐧𝐚𝐛𝐥𝐞𝐝 🔥| Refill: 90Days ♻️ | Start: 1hrs ⏱,414.38,PKR,per_1000,100,1000000,New Service,active
500212,Instagram,⭐ Instagram Followers ⭐ [ Refill Working ],Instagram Followers 🌟 | Premium Quality 💎 | Old Accounts 🔥 | Non Drop 🔐 | Speed: 50K/Day 🚀 | Cancel & 𝗥𝗘𝗙𝗜𝗟𝗟 𝐁𝐮𝐭𝐭𝐨𝐧 𝐄𝐧𝐚𝐛𝐥𝐞𝐝 🔥| Refill: 365Days ♻️ | Start: 1hrs ⏱,443.98,PKR,per_1000,100,1000000,1 Hour 26 Minutes,active
500213,Instagram,⭐ Instagram Followers ⭐ [ Refill Working ],Instagram Followers 🌟 | Premium Quality 💎 | Old Accounts 🔥 | Non Drop 🔐 | Speed: 50K/Day 🚀 | Cancel & 𝗥𝗘𝗙𝗜𝗟𝗟 𝐁𝐮𝐭𝐭𝐨𝐧 𝐄𝐧𝐚𝐛𝐥𝐞𝐝 🔥| Refill: Lifetime ♻️ | Start: 1hrs ⏱,463.71,PKR,per_1000,100,1000000,40 Minutes,active
500214,Instagram,❤️ Instagram Followers ⭐ Low Drop,𝐈𝐧𝐬𝐭𝐚𝐠𝐫𝐚𝐦 𝐟𝐨𝐥𝐥𝐨𝐰𝐞𝐫𝐬 100% 𝐑𝐞𝐚𝐥 𝐀𝐜𝐜𝐨𝐮𝐧𝐭𝐬 𝐰𝐢𝐭𝐡 6 𝐏𝐨𝐬𝐭 ( 𝐀𝐥𝐦𝐨𝐬𝐭 𝐍𝐨𝐧 𝐃𝐫𝐨𝐩 ) 500𝐊/𝐃𝐚𝐲 | 𝐋𝐢𝐟𝐞𝐭𝐢𝐦𝐞 𝐑𝐞𝐟𝐢𝐥𝐥 ♻️ | 𝐈𝐧𝐬𝐭𝐚𝐧𝐭 𝐒𝐭𝐚𝐫𝐭 ⚡⚡⚡⚡,177.95,PKR,per_1000,10,10000000,13 Minutes,active
500215,Instagram,🇵🇰 Instagram Followers ⭐ Pakistan + 🌍 𝐌𝐢𝐱𝐞𝐝,Instagram Followers (🇵🇰 Pakistani + 🌍 Mixed | Speed: 100kDay | Refill + Cancel button Work | Refill:30 Days Refill♻️ | Start: 0- 30 Minutes,471.05,PKR,per_1000,50,10000,8 Hours 11 Minutes,active
500216,Instagram,🇵🇰 Instagram Followers ⭐ Pakistan + 🌍 𝐌𝐢𝐱𝐞𝐝,Instagram Followers (🇵🇰 Pakistani + 🌍 Mixed | Speed: 100kDay | Refill + Cancel button Work | Refill: Lifetime ♻️ | Start: 0- 30 Minutes,679.51,PKR,per_1000,50,10000,3 Hours 20 Minutes,active
500217,Instagram,🌟 Instagram Followers ⭐ Big Base Profiles,𝐈𝐧𝐬𝐭𝐚𝐠𝐫𝐚𝐦 𝐅𝐨𝐥𝐥𝐨𝐰𝐞𝐫𝐬 𝐑𝐞𝐚𝐥 & 𝐌𝐢𝐱 ( 𝐌𝐚𝐱 100𝐤 ) 50𝐊-100𝐊/𝐃𝐚𝐲 | 𝐍𝐨 𝐑𝐞𝐟𝐢𝐥𝐥 ⚠️ 𝐈𝐧𝐬𝐭𝐚𝐧𝐭 𝐒𝐭𝐚𝐫𝐭 🚀🚀🚀,159.78,PKR,per_1000,100,100000,8 Hours 45 Minutes,active
500218,Instagram,🌟 Instagram Followers ⭐ Big Base Profiles,𝐈𝐧𝐬𝐭𝐚𝐠𝐫𝐚𝐦 𝐅𝐨𝐥𝐥𝐨𝐰𝐞𝐫𝐬 𝐑𝐞𝐚𝐥 & 𝐌𝐢𝐱 ( 𝐌𝐚𝐱 100𝐤 ) 50𝐊-100𝐊/𝐃𝐚𝐲 | 30 𝐃𝐚𝐲\\𝐬 𝐑𝐄𝐅𝐈𝐋𝐋 ♻️ | 𝐈𝐧𝐬𝐭𝐚𝐧𝐭 𝐒𝐭𝐚𝐫𝐭 🚀🚀🚀,186.52,PKR,per_1000,10,100000,56 Minutes,active
500219,Instagram,🌟 Instagram Followers ⭐ Big Base Profiles,𝐈𝐧𝐬𝐭𝐚𝐠𝐫𝐚𝐦 𝐅𝐨𝐥𝐥𝐨𝐰𝐞𝐫𝐬 𝐑𝐞𝐚𝐥 & 𝐌𝐢𝐱 ( 𝐌𝐚𝐱 100𝐤 ) 50𝐊-100𝐊/𝐃𝐚𝐲 | 90 𝐃𝐚𝐲\\𝐬 𝐑𝐄𝐅𝐈𝐋𝐋 ♻️ | 𝐈𝐧𝐬𝐭𝐚𝐧𝐭 𝐒𝐭𝐚𝐫𝐭 🚀🚀🚀,207.63,PKR,per_1000,10,100000,52 Minutes,active
500220,Instagram,🌟 Instagram Followers ⭐ Big Base Profiles,𝐈𝐧𝐬𝐭𝐚𝐠𝐫𝐚𝐦 𝐅𝐨𝐥𝐥𝐨𝐰𝐞𝐫𝐬 𝐑𝐞𝐚𝐥 & 𝐌𝐢𝐱 ( 𝐌𝐚𝐱 100𝐤 ) 50𝐊-100𝐊/𝐃𝐚𝐲 | 365 𝐃𝐚𝐲\\𝐬 𝐑𝐄𝐅𝐈𝐋𝐋 ♻️ | 𝐈𝐧𝐬𝐭𝐚𝐧𝐭 𝐒𝐭𝐚𝐫𝐭 🚀🚀🚀,211.49,PKR,per_1000,10,100000,1 Hour 12 Minutes,active
500221,Instagram,🌟 Instagram Followers ⭐ Big Base Profiles,𝐈𝐧𝐬𝐭𝐚𝐠𝐫𝐚𝐦 𝐅𝐨𝐥𝐥𝐨𝐰𝐞𝐫𝐬 𝐑𝐞𝐚𝐥 & 𝐌𝐢𝐱 ( 𝐌𝐚𝐱 100𝐤 ) 50𝐊-100𝐊/𝐃𝐚𝐲 | 𝐋𝐢𝐟𝐞𝐭𝐢𝐦𝐞 𝐑𝐄𝐅𝐈𝐋𝐋 ♻️ | 𝐈𝐧𝐬𝐭𝐚𝐧𝐭 𝐒𝐭𝐚𝐫𝐭 🚀🚀🚀,216.55,PKR,per_1000,10,100000,48 Minutes,active
500222,Instagram,🚀 Instagram Likes ⭐ Best Speed,Instagram Likes | High Quality & Non-Drop | Speed: 100K/Day 🚀 | Start: 0–5 Min ⏱ | Refill: Lifetime ♻️,30.50,PKR,per_1000,1,300000,11 Minutes,active
500223,Instagram,🚀 Instagram Likes ⭐ Best Speed,𝐈𝐧𝐬𝐭𝐚𝐠𝐫𝐚𝐦 𝐋𝐢𝐤𝐞𝐬 𝐎𝐥𝐝 𝐀𝐜𝐜𝐨𝐮𝐧𝐭𝐬 𝐖𝐢𝐭𝐡 𝐏𝐨𝐬𝐭\\\\\\\\𝐬 [ 𝐌𝐚𝐱 1𝐌 ] 100𝐊/𝐃𝐚𝐲 | 𝐋𝐢𝐟𝐞𝐭𝐢𝐦𝐞 𝐑𝐄𝐅𝐈𝐋𝐋 ♻️ | 𝐈𝐧𝐬𝐭𝐚𝐧𝐭 𝐒𝐭𝐚𝐫𝐭 ( 𝐂𝐚𝐧𝐜𝐞𝐥 𝐄𝐧𝐚𝐛𝐥𝐞 ) 🚀🚀🚀🚀,35.20,PKR,per_1000,1,300000,15 Minutes,active
500224,Instagram,🔥 Instagram Likes ⭐ Fast Delivery,𝐈𝐧𝐬𝐭𝐚𝐠𝐫𝐚𝐦 𝐋𝐢𝐤𝐞𝐬 100% 𝐎𝐥𝐝 𝐀𝐜𝐜𝐨𝐮𝐧𝐭 𝐖𝐢𝐭𝐡 𝐩𝐨𝐬𝐭 ( 𝐍𝐨𝐧-𝐃𝐫𝐨𝐩 ) 300𝐊/𝐃𝐚𝐲 | 𝐋𝐢𝐟𝐞𝐭𝐢𝐦𝐞 𝐑𝐞𝐟𝐢𝐥𝐥 ♻️🚀🚀🚀🚀 ( 𝐖𝐨𝐫𝐤𝐢𝐧𝐠 𝐔𝐩𝐝𝐚𝐭𝐞 ) 5-10% 𝐄𝐱𝐭𝐫𝐚 𝐝𝐞𝐥𝐢𝐯𝐞𝐫𝐲 ♥️,30.50,PKR,per_1000,1,300000,10 Minutes,active
500225,Instagram,💸 Instagram Likes ⭐ Cheapest,𝐈𝐧𝐬𝐭𝐚𝐠𝐫𝐚𝐦 𝐋𝐢𝐤𝐞𝐬 𝐎𝐥𝐝 𝐀𝐜𝐜𝐨𝐮𝐧𝐭𝐬 ( 𝐍𝐨 / 𝐋𝐨𝐰 𝐃𝐫𝐨𝐩 ) 50𝐊/𝐃𝐚𝐲 | 𝐍𝐨 𝐑𝐞𝐟𝐢𝐥𝐥 ⚠️,25.91,PKR,per_1000,100,5000000,39 Minutes,active
500226,Instagram,💸 Instagram Likes ⭐ Cheapest,𝐈𝐧𝐬𝐭𝐚𝐠𝐫𝐚𝐦 𝐥𝐢𝐤𝐞𝐬 100% 𝐑𝐞𝐚𝐥 𝐀𝐜𝐜𝐨𝐮𝐧𝐭𝐬 ( 𝐍𝐨𝐧 -𝐃𝐫𝐨𝐩 ) 100𝐊/𝐃𝐚𝐲 | 365 𝐃𝐚𝐲\\𝐬 𝐑𝐄𝐅𝐈𝐋𝐋 ♻️,26.45,PKR,per_1000,50,300000,10 Minutes,active
500227,Instagram,💸 Instagram Likes ⭐ Cheapest,𝐈𝐧𝐬𝐭𝐚𝐠𝐫𝐚𝐦 𝐋𝐢𝐤𝐞𝐬 𝐎𝐥𝐝 𝐀𝐜𝐜𝐨𝐮𝐧𝐭𝐬 𝐖𝐢𝐭𝐡 𝐏𝐨𝐬𝐭 ( 𝐍𝐨𝐧 -𝐃𝐫𝐨𝐩 ) 100𝐊/𝐃𝐚𝐲 | 𝐋𝐢𝐟𝐞𝐭𝐢𝐦𝐞 𝐑𝐞𝐟𝐢𝐥𝐥 ♻️🚀🚀,26.45,PKR,per_1000,100,5000000,16 Minutes,active
500228,Instagram,💸 Instagram Likes ⭐ Cheapest,𝐈𝐧𝐬𝐭𝐚𝐠𝐫𝐚𝐦 𝐋𝐢𝐤𝐞𝐬 100% 𝐎𝐥𝐝 𝐀𝐜𝐜𝐨𝐮𝐧𝐭𝐬 𝐖𝐢𝐭𝐡 𝐏𝐨𝐬𝐭 ( 𝐍𝐨𝐧 -𝐃𝐫𝐨𝐩 ) 500𝐊/𝐃𝐚𝐲 | 𝐋𝐢𝐟𝐞𝐭𝐢𝐦𝐞 𝐑𝐞𝐟𝐢𝐥𝐥 ♻️ | 𝐎𝐧𝐞 𝐂𝐥𝐢𝐜𝐤 𝐃𝐨𝐧𝐞 ✅,28.44,PKR,per_1000,100,1000000,28 Minutes,active
500229,Instagram,💸 Instagram Likes ⭐ Cheapest,𝐈𝐧𝐬𝐭𝐚𝐠𝐫𝐚𝐦 𝐋𝐢𝐤𝐞𝐬 100% 𝐎𝐥𝐝 𝐀𝐜𝐜𝐨𝐮𝐧𝐭 𝐖𝐢𝐭𝐡 𝐩𝐨𝐬𝐭 ( 𝐍𝐨𝐧 -𝐃𝐫𝐨𝐩 ) 150𝐊/𝐃𝐚𝐲 | 𝐋𝐢𝐟𝐞𝐭𝐢𝐦𝐞 𝐑𝐞𝐟𝐢𝐥𝐥 ♻️ | 𝐈𝐧𝐬𝐭𝐚𝐧𝐭 𝐒𝐭𝐚𝐫𝐭,30.50,PKR,per_1000,1,300000,9 Minutes,active
500230,Instagram,💸 Instagram Likes ⭐ Cheapest,𝐈𝐧𝐬𝐭𝐚𝐠𝐫𝐚𝐦 𝐋𝐢𝐤𝐞𝐬 100% 𝐎𝐥𝐝 + 𝐈𝐧𝐝𝐢𝐚𝐧 🇮🇳 𝐀𝐜𝐜𝐨𝐮𝐧𝐭𝐬 𝐒𝐭𝐨𝐫𝐲 𝐌𝐢𝐱 [ 𝐌𝐚𝐱 5𝐌 ] 1𝐌/𝐃𝐚𝐲 | 𝐎𝐧𝐞 𝐂𝐥𝐢𝐜𝐤 𝐃𝐨𝐧𝐞 ✅ | 𝐀𝐥𝐰𝐚𝐲𝐬 𝐁𝐮𝐥𝐥𝐞𝐭 𝐒𝐩𝐞𝐞𝐝 𝐃𝐞𝐥𝐢𝐯𝐞𝐫𝐲 ( 𝐍𝐞𝐯𝐞𝐫 𝐒𝐭𝐮𝐜𝐤𝐞𝐝 ) | 𝐋𝐢𝐟𝐞𝐭𝐢𝐦𝐞 𝐑𝐞𝐟𝐢𝐥𝐥 ♻️ |,31.51,PKR,per_1000,1,500000,3 Hours 46 Minutes,active
500231,Instagram,⭐ Instagram Reels Views ⭐ Direct Provider,𝗜𝗻𝘀𝘁𝗮𝗴𝗿𝗮𝗺 𝗥𝗲𝗲𝗹𝘀 𝗩𝗶𝗲𝘄𝘀 | 𝗔𝗹𝗹 𝗟𝗶𝗻𝗸 | 100𝗞/𝗗𝗮𝘆 | 𝗜𝗻𝘀𝘁𝗮𝗻𝘁 🚀,0.65,PKR,per_1000,100,1000000,48 Minutes,active
500232,Instagram,⭐ Instagram Reels Views ⭐ Direct Provider,𝐈𝐧𝐬𝐭𝐚𝐠𝐫𝐚𝐦 𝐑𝐞𝐞𝐥𝐬 𝐕𝐢𝐞𝐰𝐬 𝐄𝐦𝐞𝐫𝐠𝐞𝐧𝐜𝐲 𝐔𝐩𝐝𝐚𝐭𝐞 [ 𝐍𝐨 𝐒𝐭𝐮𝐜𝐤𝐞𝐝 ] 300𝐤/𝐇𝐨𝐮𝐫 | 𝐋𝐢𝐟𝐞𝐭𝐢𝐦𝐞 ♻️,0.65,PKR,per_1000,100,4085000000,13 Minutes,active
500233,Instagram,⭐ Instagram Reels Views ⭐ Direct Provider,𝐈𝐧𝐬𝐭𝐚𝐠𝐫𝐚𝐦 𝐑𝐞𝐞𝐥𝐬 𝐕𝐢𝐞𝐰𝐬 | 𝐀𝐥𝐥 𝐋𝐢𝐧𝐤 | 𝐔𝐋𝐓𝐑𝐀 𝐅𝐀𝐒𝐓 500𝐊/𝐃𝐚𝐲,0.83,PKR,per_1000,100,7000000,3 Hours 8 Minutes,active
500234,Instagram,⭐ Instagram Reels Views ⭐ Direct Provider,𝗜𝗻𝘀𝘁𝗮𝗴𝗿𝗮𝗺 𝗥𝗲𝗲𝗹𝘀 𝗩𝗶𝗲𝘄𝘀 [ 𝗔𝗹𝗹 𝗟𝗶𝗻𝗸 ] 𝗨𝗹𝘁𝗿𝗮 𝗳𝗮𝘀𝘁 🚀🚀 500𝗞/𝗛𝗼𝘂𝗿 | 𝗢𝗻𝗲 𝗰𝗹𝗶𝗰𝗸 𝗗𝗼𝗻𝗲 ✅,0.90,PKR,per_1000,100,1000000,6 Hours 4 Minutes,active
500235,Instagram,⭐ Instagram Reels Views ⭐ Direct Provider,𝐈𝐧𝐬𝐭𝐚𝐠𝐫𝐚𝐦 𝐑𝐞𝐞𝐥𝐬 𝐕𝐢𝐞𝐰𝐬 𝐒𝐮𝐩𝐞𝐫𝐟𝐚𝐬𝐭 | 𝐀𝐥𝐥 𝐋𝐢𝐧𝐤 | 𝐃𝐚𝐲 200𝐊 🚀🚀🚀,0.94,PKR,per_1000,100,1000000,17 Minutes,active
500236,Instagram,⭐ Instagram Reels Views ⭐ Direct Provider,𝗜𝗻𝘀𝘁𝗮𝗴𝗿𝗮𝗺 𝗥𝗲𝗲𝗹𝘀 𝗩𝗶𝗲𝘄𝘀 | 𝗔𝗹𝗹 𝗟𝗶𝗻𝗸 | 100𝗞/𝗗𝗮𝘆 | 𝗜𝗻𝘀𝘁𝗮𝗻𝘁 🚀,1.01,PKR,per_1000,100,1000000,6 Hours 25 Minutes,active
500237,Instagram,⭐ Instagram Reels Views ⭐ Direct Provider,𝗜𝗻𝘀𝘁𝗮𝗴𝗿𝗮𝗺 𝗥𝗲𝗲𝗹𝘀 𝗩𝗶𝗲𝘄𝘀 | 𝗔𝗹𝗹 𝗟𝗶𝗻𝗸 | 𝗨𝗟𝗧𝗥𝗔 𝗙𝗔𝗦𝗧 1𝗠/𝗛𝗼𝘂𝗿 | 𝗟𝗶𝗳𝗲𝘁𝗶𝗺𝗲 ♻️⭐ 𝗔𝗹𝘄𝗮𝘆𝘀 𝗜𝗻𝘀𝘁𝗮𝗻𝘁 🚀🚀🚀,1.05,PKR,per_1000,100,5000000,22 Minutes,active
500238,Instagram,⭐ Instagram Reels Views ⭐ Direct Provider,𝗜𝗻𝘀𝘁𝗮𝗴𝗿𝗮𝗺 𝗥𝗲𝗲𝗹𝘀 𝗩𝗶𝗲𝘄𝘀 | 𝗔𝗹𝗹 𝗟𝗶𝗻𝗸𝘀 | 𝗨𝗹𝘁𝗿𝗮 𝗳𝗮𝘀𝘁 🚀🚀🚀,1.05,PKR,per_1000,1000,1000000000,23 Minutes,active
500239,Instagram,⭐ Instagram Reels Views ⭐ Direct Provider,𝐈𝐧𝐬𝐭𝐚𝐠𝐫𝐚𝐦 𝐑𝐞𝐞𝐥𝐬 𝐕𝐢𝐞𝐰𝐬 [ 𝐖𝐨𝐫𝐤𝐢𝐧𝐠 𝐅𝐚𝐬𝐭/Slow ] 🚀,1.08,PKR,per_1000,100,1000000000,15 Minutes,active
500240,Instagram,⭐ Instagram Reels Views ⭐ Direct Provider,𝐈𝐆 𝐑𝐞𝐞𝐥𝐬 𝐕𝐢𝐞𝐰𝐬 | 𝐀𝐥𝐥 𝐋𝐢𝐧𝐤 🖇️ 🚀 𝐎𝐧𝐞 𝐜𝐥𝐢𝐜𝐤 𝐃𝐨𝐧𝐞 ✅,1.12,PKR,per_1000,100,7000000,7 Minutes,active
500241,Instagram,⭐ Instagram Reels Views ⭐ Direct Provider,𝗜𝗻𝘀𝘁𝗮𝗴𝗿𝗮𝗺 𝗥𝗲𝗲𝗹𝘀 𝗩𝗶𝗲𝘄𝘀 | 𝗔𝗹𝗹 𝗟𝗶𝗻𝗸𝘀 | 𝗨𝗹𝘁𝗿𝗮 𝗳𝗮𝘀𝘁 🚀🚀🚀,1.23,PKR,per_1000,100,1000000000,18 Minutes,active
500242,Instagram,⭐ Instagram Reels Views ⭐ Direct Provider,𝐈𝐧𝐬𝐭𝐚𝐠𝐫𝐚𝐦 𝐑𝐞𝐞𝐥𝐬 𝐕𝐢𝐞𝐰𝐬 [ 𝐀𝐥𝐥 𝐋𝐢𝐧𝐤 ] 𝐄𝐦𝐞𝐫𝐠𝐞𝐧𝐜𝐲 𝐔𝐩𝐝𝐚𝐭𝐞 | 𝐔𝐥𝐭𝐫𝐚 𝐟𝐚𝐬𝐭 100𝐤/300𝐤/ 𝐇𝐨𝐮𝐫 | 𝐋𝐢𝐟𝐞𝐭𝐢𝐦𝐞 ♻️⭐,1.81,PKR,per_1000,100,1000000000,22 Minutes,active
500243,Instagram,⭐ Instagram Reels Views ⭐ Direct Provider,𝐈𝐧𝐬𝐭𝐚𝐠𝐫𝐚𝐦 𝐑𝐞𝐞𝐥𝐬 𝐕𝐢𝐞𝐰𝐬 [ 𝐍𝐨𝐧-𝐃𝐫𝐨𝐩 ] 300𝐤/500𝐤 𝐏𝐞𝐫 𝐇𝐨𝐮𝐫 | 𝐄𝐦𝐞𝐫𝐠𝐞𝐧𝐜𝐲 𝐔𝐩𝐝𝐚𝐭𝐞 ☠️ | 𝐋𝐢𝐟𝐞𝐭𝐢𝐦𝐞 𝐑𝐞𝐟𝐢𝐥𝐥 ♻️ | 𝐎𝐧𝐞 𝐜𝐥𝐢𝐜𝐤 𝐃𝐨𝐧𝐞 ✅,1.84,PKR,per_1000,100,7000000,9 Hours 24 Minutes,active
500244,Instagram,⭐ Instagram Reels Views ⭐ Direct Provider,𝐈𝐧𝐬𝐭𝐚𝐠𝐫𝐚𝐦 𝐑𝐞𝐞𝐥𝐬 𝐕𝐢𝐞𝐰𝐬 [ 𝐍𝐨𝐧-𝐃𝐫𝐨𝐩 ] 𝐔𝐋𝐓𝐑𝐀 𝐅𝐀𝐒𝐓 500𝐤/1𝐌 + 𝐇𝐨𝐮𝐫 | 𝐋𝐢𝐟𝐞𝐭𝐢𝐦𝐞 𝐑𝐞𝐟𝐢𝐥𝐥 ♻️ 𝐀𝐥𝐰𝐚𝐲𝐬 𝐈𝐧𝐬𝐭𝐚𝐧𝐭 🚀🚀🚀🚀,1.84,PKR,per_1000,100,7000000,18 Minutes,active
500245,Instagram,⭐ Instagram Reels Views ⭐ Direct Provider,𝐈𝐧𝐬𝐭𝐚𝐠𝐫𝐚𝐦 𝐑𝐞𝐞𝐥𝐬 𝐕𝐢𝐞𝐰𝐬 [ 𝐍𝐨𝐧-𝐃𝐫𝐨𝐩 ] 100𝐤/200𝐤 𝐏𝐞𝐫 𝐇𝐨𝐮𝐫 | 𝐄𝐦𝐞𝐫𝐠𝐞𝐧𝐜𝐲 𝐔𝐩𝐝𝐚𝐭𝐞 ☠️ | 𝐋𝐢𝐟𝐞𝐭𝐢𝐦𝐞 𝐑𝐞𝐟𝐢𝐥𝐥 ♻️,2.28,PKR,per_1000,100,7000000,3 Hours 9 Minutes,active
500246,Instagram,⭐ Instagram Reels Views ⭐ Direct Provider,𝐈𝐧𝐬𝐭𝐚𝐠𝐫𝐚𝐦 𝐑𝐞𝐞𝐥𝐬 𝐯𝐢𝐞𝐰𝐬 [ 𝐍𝐨𝐧~𝐃𝐫𝐨𝐩 ] 500𝐤/1𝐌+ 𝐇𝐨𝐮𝐫 𝐔𝐋𝐓𝐑𝐀 𝐅𝐀𝐒𝐓 🚀🚀🚀 𝐋𝐢𝐟𝐞𝐭𝐢𝐦𝐞 ♻️,3.14,PKR,per_1000,500,10000000,3 Hours 47 Minutes,active
500247,Instagram,⭐ Instagram Reels Views ⭐ Direct Provider,𝐈𝐧𝐬𝐭𝐚𝐠𝐫𝐚𝐦 𝐑𝐞𝐞𝐥𝐬 𝐯𝐢𝐞𝐰𝐬 [ 𝐍𝐨𝐧~𝐃𝐫𝐨𝐩 ] 20𝐌/50𝐌 𝐃𝐚𝐲𝐬 𝐔𝐋𝐓𝐑𝐀 𝐅𝐀𝐒𝐓 🚀🚀🚀 𝐋𝐢𝐟𝐞𝐭𝐢𝐦𝐞 ♻️ 𝐎𝐧𝐞 𝐜𝐥𝐢𝐜𝐤 𝐃𝐨𝐧𝐞 ✅,3.18,PKR,per_1000,100,10000000,3 Hours 10 Minutes,active
500248,Instagram,⭐ Instagram Reels Views ⭐ Direct Provider,𝐈𝐆 𝐕𝐢𝐞𝐰𝐬 𝐅𝐨𝐫 𝐏𝐡𝐨𝐭𝐨𝐬 [ 𝐨𝐧 𝐏𝐡𝐨𝐭𝐨 𝐎𝐫 𝐂𝐚𝐫𝐨𝐮𝐬𝐞𝐥 ],5.02,PKR,per_1000,10,10000000,12 Hours 4 Minutes,active
500249,Instagram,💸 Instagram Reels Views ⭐ Cheapest,𝐈𝐧𝐬𝐭𝐚𝐠𝐫𝐚𝐦 𝐑𝐞𝐞𝐥𝐬 𝐕𝐢𝐞𝐰𝐬 𝐔𝐋𝐓𝐑𝐀 𝐅𝐀𝐒𝐓 500𝐊/𝐃𝐚𝐲 | 𝐎𝐧𝐞 𝐂𝐥𝐢𝐜𝐤 𝐃𝐨𝐧𝐞 ✅,0.61,PKR,per_1000,100,5000000,3 Hours 56 Minutes,active
500250,Instagram,💸 Instagram Reels Views ⭐ Cheapest,𝐈𝐧𝐬𝐭𝐚𝐠𝐫𝐚𝐦 𝐑𝐞𝐞𝐥𝐬 𝐕𝐢𝐞𝐰𝐬 𝐔𝐋𝐓𝐑𝐀 𝐂𝐇𝐄𝐀𝐏 ( 𝐍𝐨𝐧 -𝐃𝐫𝐨𝐩 ) 500𝐊/𝐃𝐚𝐲 |𝐈𝐧𝐬𝐭𝐚𝐧𝐭 𝐒𝐭𝐚𝐫𝐭,0.65,PKR,per_1000,100,5000000,12 Minutes,active
500251,Instagram,💸 Instagram Reels Views ⭐ Cheapest,𝐈𝐧𝐬𝐭𝐚𝐠𝐫𝐚𝐦 𝐑𝐞𝐞𝐥𝐬 𝐕𝐢𝐞𝐰𝐬 [ 𝐍𝐨𝐧-𝐃𝐫𝐨𝐩 ] 𝐔𝐋𝐓𝐑𝐀 𝐅𝐀𝐒𝐓 1𝐌/𝐃𝐚𝐲 | 𝐋𝐢𝐟𝐞𝐭𝐢𝐦𝐞 ♻️🚀🚀🚀🚀🚀 ( 𝐂𝐚𝐧𝐜𝐞𝐥 𝐄𝐧𝐚𝐛𝐥𝐞 ),0.72,PKR,per_1000,100,1000000,18 Hours 36 Minutes,active
500252,Instagram,💸 Instagram Reels Views ⭐ Cheapest,𝐈𝐧𝐬𝐭𝐚𝐠𝐫𝐚𝐦 𝐑𝐞𝐞𝐥𝐬 𝐕𝐢𝐞𝐰𝐬 𝐔𝐋𝐓𝐑𝐀 𝐂𝐇𝐄𝐀𝐏 ( 𝐍𝐨𝐧 -𝐃𝐫𝐨𝐩 ) 250𝐊/𝐃𝐚𝐲 |𝐈𝐧𝐬𝐭𝐚𝐧𝐭 𝐒𝐭𝐚𝐫𝐭,0.87,PKR,per_1000,100,5000000,37 Minutes,active
500253,Instagram,💸 Instagram Reels Views ⭐ Cheapest,𝐈𝐧𝐬𝐭𝐚𝐠𝐫𝐚𝐦 𝐑𝐞𝐞𝐥𝐬 𝐕𝐢𝐞𝐰𝐬 𝐃𝐢𝐟𝐟𝐞𝐫𝐞𝐧𝐭 𝐒𝐞𝐫𝐯𝐞𝐫 📈 ( 100% 𝐍𝐨𝐧 -𝐃𝐫𝐨𝐩 ) 𝐒𝐮𝐩𝐞𝐫𝐟𝐚𝐬𝐭 𝐏𝐫𝐨𝐯𝐢𝐝𝐞𝐫 10𝐌+ 𝐏𝐞𝐫 𝐇𝐨𝐮𝐫 | 𝐄𝐦𝐞𝐫𝐠𝐞𝐧𝐜𝐲 𝐒𝐞𝐫𝐯𝐢𝐜𝐞𝐬 | 𝐀𝐥𝐰𝐚𝐲𝐬 𝐎𝐧𝐞 𝐂𝐥𝐢𝐜𝐤 𝐃𝐨𝐧𝐞 ✅ | 𝐀𝐥𝐰𝐚𝐲𝐬 𝐈𝐧𝐬𝐭𝐚𝐧𝐭 𝐒𝐭𝐚𝐫𝐭,0.98,PKR,per_1000,10,10000000,10 Minutes,active
500254,Instagram,💸 Instagram Reels Views ⭐ Cheapest,𝐈𝐧𝐬𝐭𝐚𝐠𝐫𝐚𝐦 𝐑𝐞𝐞𝐥𝐬 𝐕𝐢𝐞𝐰𝐬 𝐃𝐢𝐟𝐟𝐞𝐫𝐞𝐧𝐭 𝐒𝐞𝐫𝐯𝐞𝐫 📈 ( 100% 𝐍𝐨𝐧 -𝐃𝐫𝐨𝐩 ) 𝐒𝐮𝐩𝐞𝐫𝐟𝐚𝐬𝐭 𝐏𝐫𝐨𝐯𝐢𝐝𝐞𝐫 10𝐌+ 𝐏𝐞𝐫 𝐇𝐨𝐮𝐫 | 𝐄𝐦𝐞𝐫𝐠𝐞𝐧𝐜𝐲 𝐒𝐞𝐫𝐯𝐢𝐜𝐞𝐬 | 𝐀𝐥𝐰𝐚𝐲𝐬 𝐎𝐧𝐞 𝐂𝐥𝐢𝐜𝐤 𝐃𝐨𝐧𝐞 ✅ | 𝐀𝐥𝐰𝐚𝐲𝐬 𝐈𝐧𝐬𝐭𝐚𝐧𝐭 𝐒𝐭𝐚𝐫𝐭 🚀🚀🚀🚀🚀🚀,0.98,PKR,per_1000,10,10000000,1 Hour 33 Minutes,active
500255,Instagram,📈 Instagram Impressions and Reach ⭐ Premium,𝐈𝐧𝐬𝐭𝐚𝐠𝐫𝐚𝐦 𝐑𝐞𝐚𝐜𝐡 + 𝐈𝐦𝐩𝐫𝐞𝐬𝐬𝐢𝐨𝐧𝐬 [ 𝐍𝐨 - 𝐃𝐫𝐨𝐩 | 100% 𝐃𝐞𝐥𝐢𝐯𝐞𝐫𝐲 🔥,19.19,PKR,per_1000,50,10000,2 Hours 12 Minutes,active
500256,Instagram,📈 Instagram Impressions ⭐ Premium,𝐈𝐧𝐬𝐭𝐚𝐠𝐫𝐚𝐦 𝐒𝐡𝐚𝐫𝐞𝐬 [ 𝐍𝐨𝐧~𝐃𝐫𝐨𝐩 ] 100𝐤/200𝐤 𝐝𝐚𝐲 | 𝐍𝐨~𝐑𝐞𝐟𝐢𝐥𝐥 ⚡,6.29,PKR,per_1000,100,1000000,3 Hours 0 Minutes,active
500257,Instagram,📈 Instagram Impressions ⭐ Premium,𝐈𝐧𝐬𝐭𝐚𝐠𝐫𝐚𝐦 𝐑𝐞𝐚𝐜𝐡 [ 𝐍𝐨~𝐃𝐫𝐨𝐩 ] 100𝐤 𝐝𝐚𝐲𝐬 | 𝐍𝐨~𝐑𝐞𝐟𝐢𝐥𝐥 ⚡,9.79,PKR,per_1000,100,10000000,1 Hour 29 Minutes,active
500258,Instagram,📈 Instagram Impressions ⭐ Premium,𝐈𝐧𝐬𝐭𝐚𝐠𝐫𝐚𝐦 𝐑𝐞𝐚𝐜𝐡+ 𝐈𝐦𝐩𝐫𝐞𝐬𝐬𝐢𝐨𝐧 [ 𝐍𝐨𝐧~𝐃𝐫𝐨𝐩 ] 100% 𝐈𝐧𝐬𝐭𝐚𝐧𝐭 𝐃𝐞𝐥𝐢𝐯𝐞𝐫𝐞𝐝 🚀🚀🚀🚀🚀,12.22,PKR,per_1000,100,300000,25 Minutes,active
500259,Instagram,📈 Instagram Impressions ⭐ Premium,𝐈𝐧𝐬𝐭𝐚𝐠𝐫𝐚𝐦 𝐑𝐞𝐚𝐜𝐡+𝐈𝐦𝐩𝐫𝐞𝐬𝐬𝐢𝐨𝐧𝐬 𝐏𝐫𝐨𝐟𝐢𝐥𝐞 𝐕𝐢𝐬𝐢𝐭 [ 𝐇𝐢𝐠𝐡 𝐐𝐮𝐚𝐥𝐢𝐭𝐲 ] 𝐒𝐮𝐩𝐞𝐫𝐟𝐚𝐬𝐭 𝐏𝐫𝐨𝐯𝐢𝐝𝐞𝐫 ⚡ [ 𝐖𝐨𝐫𝐤𝐢𝐧𝐠 𝐔𝐩𝐝𝐚𝐭𝐞 ] 🥇,17.46,PKR,per_1000,10,1000000,14 Minutes,active
500260,Instagram,💯 Instagram Comments ⭐ Non-Drop,𝐈𝐧𝐬𝐭𝐚𝐠𝐫𝐚𝐦 𝐂𝐨𝐦𝐦𝐞𝐧𝐭𝐬 𝐑𝐚𝐧𝐝𝐨𝐦 [ 𝐍𝐨𝐧-𝐃𝐫𝐨𝐩 ] 𝐅𝐚𝐬𝐭 𝐒𝐭𝐚𝐫𝐭 10𝐊/𝐃𝐚𝐲 | 30 𝐃𝐚𝐲𝐬 𝐑𝐞𝐟𝐢𝐥𝐥 ♻️🚀🚀🚀,269.46,PKR,per_1000,100,10000,42 Minutes,active
500261,YouTube,Youtube → Subscribers⭐ [ No Refill ],Youtube Bot Subscribers 💥 [ Fast ] All Drop | Instantly Start ⚡,272.93,PKR,per_1000,100,4999,14 Minutes,active
500262,YouTube,Youtube → Subscribers⭐ [ No Refill ],Youtube Subscribers ⚡ [ Always Working ] [Cheapest in Market 🎉 ] Channel Link Use | Speed 10k /D | ] No Warranty ⚠️ | Start Time 0-1 Hours 𝗡𝗲𝘄 𝗨𝗽𝗱𝗮𝘁𝗲𝗱,307.05,PKR,per_1000,100,10000,2 Hours 54 Minutes,active
500263,YouTube,Youtube → Subscribers⭐ [ No Refill ],Youtube Subscribers ⚡ 𝗡𝗲𝘄 𝗨𝗽𝗱𝗮𝘁𝗲𝗱 [ Channel Link Use | Speed 10k| ] No Warranty ⚠️ | Start Time 0-30 Minutes,341.16,PKR,per_1000,10,99999999,New Service,active
500264,YouTube,Youtube → Subscribers⭐ [ Non–Drop ],YouTube Subscribers ➜ 𝗖𝗵𝗲𝗮𝗽𝗲𝘀𝘁 𝗜𝗻 𝗧𝗵𝗲 𝗪𝗼𝗿𝗹𝗱 🌎 [ Speed 70-80/Day] [ Lifetimes Guaranteed ♻️ ] [ Non Drop ] Start Time 0-12 Hours,6577.52,PKR,per_1000,100,1000,74 Hours 50 Minutes,active
500265,YouTube,Youtube → Subscribers⭐ [ Non–Drop ],YouTube Subscribe | Non–Drop | Speed 50+ / DAY | Start Time 0–12 Hours | 𝐋𝐢𝐟𝐞𝐭𝐢𝐦𝐞 𝐑𝐞𝐟𝐢𝐥𝐥 | ✅🔥,7290.34,PKR,per_1000,50,500,New Service,active
500266,YouTube,Youtube → Subscribers⭐ [ Non–Drop ],YouTube Subscribe | Non–Drop | Speed 100+ / DAY | Start Time 0–1 Hour | 𝐋𝐢𝐟𝐞𝐭𝐢𝐦𝐞 𝐑𝐞𝐟𝐢𝐥𝐥 | ✅🔥⚡️,10122.80,PKR,per_1000,50,10000,New Service,active
500267,YouTube,Youtube → Subscribers⭐ [ Non–Drop ],YouTube Subscribers ⭐ | 𝐁𝐞𝐬𝐭 𝐟𝐨𝐫 𝐀𝐏𝐈 𝐚𝐧𝐝 𝐑𝐞𝐬𝐞𝐥𝐥𝐞𝐫𝐬 🔥 [ 𝐍𝐨𝐧 𝐝𝐫𝐨𝐩 ] Speed : 50-80/per Days | High Quality | Lifetime Guaranteed ♻️ | Start Time 0-12Hours ⏳,10367.10,PKR,per_1000,100,9999999,New Service,active
500268,YouTube,Youtube → Subscribers⭐ [ Non–Drop ],YouTube Subscribers ➜ 𝗕𝗲𝘀𝘁 𝗥𝗮𝘁𝗲 𝗶𝗻 𝗠𝗮𝗿𝗸𝗲𝘁 | Approx. 200 - 300 /Day| [ High Qualities ][ 30 Days Guarantee ♻️ ] Start Time 0-6 Hours,10976.93,PKR,per_1000,100,999999,New Service,active
500269,YouTube,Youtube → Subscribers⭐ [ Non–Drop ],YouTube Subscribe | Non–Drop | Speed 1500+ / DAY | Start Time 0–1 Hour | 𝐋𝐢𝐟𝐞𝐭𝐢𝐦𝐞 𝐑𝐞𝐟𝐢𝐥𝐥 | ✅🔥⚡️,13278.38,PKR,per_1000,100,50000,New Service,active
500270,YouTube,Youtube → Subscribers⭐ [100% NON DROP ],YouTube Subscribers [Speed 100/Day] [Refill: lifetime] [ Non Drop ] [Start Time: 0-1 Hour],7895.77,PKR,per_1000,50,50000,29 Hours 25 Minutes,active
500271,YouTube,Youtube → Subscribers⭐ [100% NON DROP ],YouTube Subscribers [Speed 2000/Day] [Refill: lifetime] [ Non Drop ] [Start Time: 0-1 Hour],10856.77,PKR,per_1000,50,50000,New Service,active
500272,YouTube,Youtube → Subscribers⭐ [100% NON DROP ],YouTube Subscribers [Speed 20k/Day] [Refill: lifetime] [ Non Drop ] [Start Time: 0-1 Hour],10856.77,PKR,per_1000,100,50000,New Service,active
500273,YouTube,Youtube → Subscribers⭐ [100% NON DROP ],YouTube Subscribers [Speed 10k/Day] [Refill: lifetime] [ Non Drop ] [Start Time: 0-1 Hour],10941.37,PKR,per_1000,50,50000,New Service,active
500274,YouTube,Youtube → Subscribers⭐ [100% NON DROP ],YouTube Subscribers [Speed 200/Day] [Refill: lifetime] [ Non Drop ] [Start Time: 0-1 Hour],10941.37,PKR,per_1000,50,50000,New Service,active
500275,YouTube,Youtube → Subscribers⭐ [100% NON DROP ],YouTube Subscribers [Speed 200-500/Day] [Refill: lifetime] [ Non Drop ] [Start Time: 0-1 Hour],11153.84,PKR,per_1000,50,50000,New Service,active
500276,YouTube,YouTube | 𝗦𝘂𝗴𝗴𝗲𝘀𝘁𝗲𝗱 𝗩𝗶𝗲𝘄𝘀,Youtube Views 🚀 - 𝐒𝐮𝐠𝐠𝐞𝐬𝐭𝐞𝐝 | Lifetime ♻️ [ 1K -5k/ day ] NON DROP | Start Time 0-60 Minutes 🚀,465.70,PKR,per_1000,500,99999999,7 Hours 4 Minutes,active
500277,YouTube,𝐘𝐨𝐮𝐭𝐮𝐛𝐞 » Views + Likes,YouTube 100% Views 5% Likes [Refill: Lifetime] [Drop- No] [Quality : High ] [Speed: 3000-5000/Day] [Start Time. 0-1 Hour],377.67,PKR,per_1000,200,10000000,29 Hours 3 Minutes,active
500278,YouTube,𝐘𝐨𝐮𝐭𝐮𝐛𝐞 » Views + Likes,YouTube 100% Views 10% Likes [Refill: Lifetime] [Drop- No] [Quality : High ] [Speed: 3000-5000/Day] [Start Time. 0-1 Hour],412.00,PKR,per_1000,200,10000000,100 Hours 57 Minutes,active
500279,YouTube,𝐘𝐨𝐮𝐭𝐮𝐛𝐞 » Views + Likes,YouTube 100% Views 25% Likes [Refill: Lifetime] [Drop- No] [Quality : High ] [Speed: 3000-5000/Day] [Start Time. 0-1 Hour],446.33,PKR,per_1000,100,10000000,12 Hours 21 Minutes,active
500280,YouTube,𝐘𝐨𝐮𝐭𝐮𝐛𝐞 » Views + Likes,YouTube 100% Views 50% Likes [Refill: Lifetime] [Drop- No] [Quality : High ] [Speed: 3000-5000/Day] [Start Time. 0-1 Hour],480.66,PKR,per_1000,100,10000000,New Service,active
500281,YouTube,𝐘𝐨𝐮𝐭𝐮𝐛𝐞 » Views + Likes,YouTube 100% Views 100% Likes [Refill: Lifetime] [Drop- No] [Quality : High ] [Speed: 3000-5000/Day] [Start Time. 0-1 Hour],515.00,PKR,per_1000,100,10000000,20 Hours 22 Minutes,active
500282,YouTube,𝐘𝐨𝐮𝐭𝐮𝐛𝐞 » Ranking Views,YouTube Video Views Promotion - [ 100% Real Users ] [ Ranking Views ] [ Good For Channel Ranking ],638.78,PKR,per_1000,1000,20000,56 Hours 1 Minute,active
500283,YouTube,𝐘𝐨𝐮𝐭𝐮𝐛𝐞 » Ranking Views,YouTube Views ( ORGANIC ) - [ Speed: 1k-2K/Day ] [ Monetizable | 100% Active Human ] [ Lifetime ] [ READ DESCRIPTION ],668.63,PKR,per_1000,500,9000000,17 Hours 51 Minutes,active
500284,YouTube,𝐘𝐨𝐮𝐭𝐮𝐛𝐞 » Views [ Adsense Earnings ],Youtube Earning Views [𝐑𝐞𝐚𝐥 𝐓𝐫𝐚𝐟𝐟𝐢𝐜] [Refill: LifeTime ] [Speed: 10000+/Day] [Start Time: 1 Hour],650.81,PKR,per_1000,1000,500000,6 Hours 8 Minutes,active
500285,YouTube,𝐘𝐨𝐮𝐭𝐮𝐛𝐞 » Views [ Lifetime Refill ],YouTube Views ⭐ [𝐄𝐱𝐜𝐥𝐮𝐬𝐢𝐯𝐞] [Speed: 500+Day] [Non Drop] [ 𝐋𝐢𝐟𝐞𝐭𝐢𝐦𝐞 𝐆𝐮𝐫𝐚𝐧𝐭𝐞𝐝♻️] [Start Time: 0-1hrs] [𝐎𝐰𝐧 𝐒𝐞𝐫𝐯𝐞𝐫🌟],354.21,PKR,per_1000,100,5000,5 Hours 26 Minutes,active
500286,YouTube,𝐘𝐨𝐮𝐭𝐮𝐛𝐞 » Views [ Lifetime Refill ],YouTube Views ⭐ [𝐄𝐱𝐜𝐥𝐮𝐬𝐢𝐯𝐞] [Speed: 5000Day] [Non Drop] [ 𝐋𝐢𝐟𝐞𝐭𝐢𝐦𝐞 𝐆𝐮𝐫𝐚𝐧𝐭𝐞𝐝♻️] [Start Time: 0-1hrs] [𝐎𝐰𝐧 𝐒𝐞𝐫𝐯𝐞𝐫🌟],370.33,PKR,per_1000,100,10000000,11 Hours 57 Minutes,active
500287,YouTube,𝐘𝐨𝐮𝐭𝐮𝐛𝐞 » Views [ Lifetime Refill ],YouTube Views ⭐ [𝐄𝐱𝐜𝐥𝐮𝐬𝐢𝐯𝐞] [Speed: 7000Day] [Non Drop] [ 𝐋𝐢𝐟𝐞𝐭𝐢𝐦𝐞 𝐆𝐮𝐫𝐚𝐧𝐭𝐞𝐝♻️] [Start Time: 0-1hrs] [𝐎𝐰𝐧 𝐒𝐞𝐫𝐯𝐞𝐫🌟],403.98,PKR,per_1000,100,1000000,30 Hours 46 Minutes,active
500288,YouTube,𝐘𝐨𝐮𝐭𝐮𝐛𝐞 » Views [ Lifetime Refill ],YouTube Views ⭐ [𝐄𝐱𝐜𝐥𝐮𝐬𝐢𝐯𝐞] [Speed: 8000-10000Day] [Non Drop] [ 𝐋𝐢𝐟𝐞𝐭𝐢𝐦𝐞 𝐆𝐮𝐫𝐚𝐧𝐭𝐞𝐝♻️] [Start Time: 0-1hrs] [𝐎𝐰𝐧 𝐒𝐞𝐫𝐯𝐞𝐫🌟],501.08,PKR,per_1000,100,10000000,48 Minutes,active
500289,YouTube,𝐘𝐨𝐮𝐭𝐮𝐛𝐞 » Views [ Lifetime Refill ],YouTube Views ⭐ [𝐄𝐱𝐜𝐥𝐮𝐬𝐢𝐯𝐞] [Speed: 15000Day] [Non Drop] [ 𝐋𝐢𝐟𝐞𝐭𝐢𝐦𝐞 𝐆𝐮𝐫𝐚𝐧𝐭𝐞𝐝♻️] [Start Time: 0-1hrs] [𝐎𝐰𝐧 𝐒𝐞𝐫𝐯𝐞𝐫🌟],504.99,PKR,per_1000,100,15000000000,24 Hours 29 Minutes,active
500290,YouTube,𝐘𝐨𝐮𝐭𝐮𝐛𝐞 » Views [ Shorts ],YouTube Short Views ⭐ [𝐄𝐱𝐜𝐥𝐮𝐬𝐢𝐯𝐞] [Speed: 300Day] [Non Drop] [ 𝐋𝐢𝐟𝐞𝐭𝐢𝐦𝐞 𝐆𝐮𝐫𝐚𝐧𝐭𝐞𝐝♻️] [Start Time: 0-1hrs] [𝐎𝐰𝐧 𝐒𝐞𝐫𝐯𝐞𝐫🌟],374.05,PKR,per_1000,100,500000,2 Hours 43 Minutes,active
500291,YouTube,𝐘𝐨𝐮𝐭𝐮𝐛𝐞 » Views [ Shorts ],YouTube Views ⭐ [𝐄𝐱𝐜𝐥𝐮𝐬𝐢𝐯𝐞] [Speed: 500Day] [Non Drop] [ 𝐋𝐢𝐟𝐞𝐭𝐢𝐦𝐞 𝐆𝐮𝐫𝐚𝐧𝐭𝐞𝐝♻️] [Start Time: 0-1hrs] [𝐎𝐰𝐧 𝐒𝐞𝐫𝐯𝐞𝐫🌟],405.24,PKR,per_1000,100,500000,3 Hours 40 Minutes,active
500292,YouTube,𝐘𝐨𝐮𝐭𝐮𝐛𝐞 » Likes [ Shorts ],YouTube Short Likes ⭐ [𝐄𝐱𝐜𝐥𝐮𝐬𝐢𝐯𝐞] [Speed: 100k Day] [Non Drop] [ 𝐋𝐢𝐟𝐞𝐭𝐢𝐦𝐞 𝐆𝐮𝐫𝐚𝐧𝐭𝐞𝐝♻️] [Start Time: 0-1hrs] [𝐎𝐰𝐧 𝐒𝐞𝐫𝐯𝐞𝐫🌟],1185.87,PKR,per_1000,30,100000000,105 Hours 0 Minutes,active
500293,YouTube,𝐘𝐨𝐮𝐭𝐮𝐛𝐞 » Likes [No Refill ],YouTube Likes-[Speed -100K/D] [Start Time: Instant ],62.12,PKR,per_1000,10,1000000,3 Hours 10 Minutes,active
500294,YouTube,𝐘𝐨𝐮𝐭𝐮𝐛𝐞 » Likes [No Refill ],YouTube Likes-[Speed -100K/D] [Start Time: Instant ],193.13,PKR,per_1000,10,10000,17 Minutes,active
500295,YouTube,𝐘𝐨𝐮𝐭𝐮𝐛𝐞 » Likes [ Non Drop],YouTube Likes ⭐ [𝐒𝐭𝐚𝐛𝐥𝐞] [Speed: 1000Day] [Non Drop] [ 𝐋𝐢𝐟𝐞𝐭𝐢𝐦𝐞 𝐆𝐮𝐫𝐚𝐧𝐭𝐞𝐝♻️] [Start Time: 0-1hrs] [𝐎𝐰𝐧 𝐒𝐞𝐫𝐯𝐞𝐫🌟],308.31,PKR,per_1000,10,10000,1 Hour 23 Minutes,active
500296,YouTube,𝐘𝐨𝐮𝐭𝐮𝐛𝐞 » Likes [ Non Drop],YouTube Likes ⭐ [𝐒𝐭𝐚𝐛𝐥𝐞] [Speed: 5000/10000Day] [Non Drop] [ 𝐋𝐢𝐟𝐞𝐭𝐢𝐦𝐞 𝐆𝐮𝐫𝐚𝐧𝐭𝐞𝐝♻️] [Start Time: 0-1hrs] [𝐎𝐰𝐧 𝐒𝐞𝐫𝐯𝐞𝐫🌟],323.02,PKR,per_1000,10,10000,33 Minutes,active
500297,YouTube,𝐘𝐨𝐮𝐭𝐮𝐛𝐞 » Likes [ Non Drop],YouTube Likes ⭐ [𝐒𝐭𝐚𝐛𝐥𝐞] [Speed: 10000Day] [Non Drop] [ 𝐋𝐢𝐟𝐞𝐭𝐢𝐦𝐞 𝐆𝐮𝐫𝐚𝐧𝐭𝐞𝐝♻️] [Start Time: 0-1hrs] [𝐎𝐰𝐧 𝐒𝐞𝐫𝐯𝐞𝐫🌟],975.79,PKR,per_1000,10,50000,23 Hours 31 Minutes,active
500298,YouTube,𝐘𝐨𝐮𝐭𝐮𝐛𝐞 » Likes [ Non Drop],YouTube Likes ⭐ [𝐒𝐭𝐚𝐛𝐥𝐞] [Speed: 30000Day] [Non Drop] [ 𝐋𝐢𝐟𝐞𝐭𝐢𝐦𝐞 𝐆𝐮𝐫𝐚𝐧𝐭𝐞𝐝♻️] [Start Time: 0-1hrs] [𝐎𝐰𝐧 𝐒𝐞𝐫𝐯𝐞𝐫🌟],1016.44,PKR,per_1000,5,50000,4 Hours 4 Minutes,active
500299,YouTube,𝐘𝐨𝐮𝐭𝐮𝐛𝐞 » Comments [ No Drop],YouTube Custom Comments [Refill: life Time ] [Drop-No ] [Speed: 1K/Day][Start Time: 1 Hour],993.86,PKR,per_1000,5,10000,6 Minutes,active
500300,YouTube,𝐘𝐨𝐮𝐭𝐮𝐛𝐞 » Comments [ No Drop],Youtube Custom Comments [Refill: Lifetime ] [Drop-No] [Speed: 3K/Day] [Start Time: 0-1 Hour],1084.21,PKR,per_1000,5,10000,New Service,active
500301,Facebook,𝐅𝐚𝐜𝐞𝐛𝐨𝐨𝐤 » Followers [ Direct Provider ] ᴺᴱᵂ,Facebook 𝐀𝐥𝐥 𝐓𝐲𝐩𝐞 𝐏𝐫𝐨𝐟𝐢𝐥𝐞/𝐏𝐚𝐠𝐞 Followers | Max 1M | High Quality Accounts | Instant | Non Drop | 90 Days Refill ♻️ | Speed: 100K/Day 🔥,128.80,PKR,per_1000,100,100000,13 Hours 24 Minutes,active
500302,Facebook,𝐅𝐚𝐜𝐞𝐛𝐨𝐨𝐤 » Followers [ Direct Provider ] ᴺᴱᵂ,Facebook 𝐀𝐥𝐥 𝐓𝐲𝐩𝐞 𝐏𝐫𝐨𝐟𝐢𝐥𝐞/𝐏𝐚𝐠𝐞 Followers | Max 1M | High Quality Accounts | Instant | Non Drop | 365 Days Refill ♻️ | Speed: 100K/Day 🔥,134.66,PKR,per_1000,100,100000,1 Hour 52 Minutes,active
500303,Facebook,Facebook Post Likes ᴺᴱᵂ,Facebook Post Likes [ Max 500K ] | HQ Real Accounts | Cancel Enable | No Refill ⚠️ | Instant Start | Day 100K 🚀,97.58,PKR,per_1000,20,500000,8 Minutes,active
500304,Facebook,Facebook Post Likes ᴺᴱᵂ,Facebook Post Likes [ Max 500K ] | HQ Real Accounts | Cancel Enable | 30 Days ♻️ | Instant Start | Day 100K 🚀,107.34,PKR,per_1000,20,500000,8 Minutes,active
500305,Facebook,Facebook Post Likes ᴺᴱᵂ,Facebook Post Likes [ Max 500K ] | HQ Real Accounts | Cancel Enable | 60 Days ♻️ | Instant Start | Day 100K 🚀,112.22,PKR,per_1000,20,500000,9 Minutes,active
500306,Facebook,Facebook Post Likes ᴺᴱᵂ,Facebook Post Likes [ Max 500K ] | HQ Real Accounts | Cancel Enable | 90 Days ♻️ | Instant Start | Day 100K 🚀,121.97,PKR,per_1000,20,500000,16 Minutes,active
500307,Facebook,Facebook Post Likes ᴺᴱᵂ,Facebook Post Likes [ Max 500K ] | HQ Real Accounts | Cancel Enable | 365 Days ♻️ | Instant Start | Day 100K 🚀,131.73,PKR,per_1000,20,500000,6 Minutes,active
500308,Facebook,Facebook Post Likes ᴺᴱᵂ,Facebook Post Likes [ Max 500K ] | HQ Real Accounts | Cancel Enable | Lifetime ♻️ | Instant Start | Day 100K 🚀,141.49,PKR,per_1000,20,500000,3 Hours 57 Minutes,active
500309,Facebook,𝐅𝐚𝐜𝐞𝐛𝐨𝐨𝐤 » Page Like + Follwers,Facebook 𝗣𝗮𝗴𝗲 𝗟𝗶𝗸𝗲 + 𝗙𝗼𝗹𝗹𝗼𝘄𝗲𝗿𝘀 | Non Drop | Speed 3000+ Per Day | Start Time 0-2 Hours | N0 Refill,147.99,PKR,per_1000,100,100000,23 Hours 39 Minutes,active
500310,Facebook,𝐅𝐚𝐜𝐞𝐛𝐨𝐨𝐤 » Page Like + Follwers,Facebook 𝗣𝗮𝗴𝗲 𝗟𝗶𝗸𝗲 + 𝗙𝗼𝗹𝗹𝗼𝘄𝗲𝗿𝘀 | Non Drop | Speed 5000+ Per Day | Start Time 0-2 Hours | Refill: 30 Days ♻️,155.04,PKR,per_1000,100,100000,2 Hours 57 Minutes,active
500311,Facebook,𝐅𝐚𝐜𝐞𝐛𝐨𝐨𝐤 » Page Like + Follwers,Facebook Likes + Followers | 💎 Non-Drop | ⚡ Speed: 10K+/Day | ⏱ Fast Start (0– 1 Hrs) | 🛡 Lifetime Guarantee ✅,189.34,PKR,per_1000,100,500000,4 Hours 53 Minutes,active
500312,Facebook,𝐅𝐚𝐜𝐞𝐛𝐨𝐨𝐤 » Page Like + Follwers,Facebook Likes + Followers | 💎 Non-Drop | ⚡ Speed: 20k+/Day | ⏱ Fast Start (0– 1 Hrs) | 🛡 Lifetime Guarantee ✅,211.20,PKR,per_1000,100,500000,58 Minutes,active
500313,Facebook,𝐅𝐚𝐜𝐞𝐛𝐨𝐨𝐤 » 𝗣𝗼𝘀𝘁 Reaction [ Global ] ᴺᴱᵂ,Facebook - Reaction | Angry 😡| Max 100k | 50K/day | INSTANT,149.08,PKR,per_1000,10,5000000,New Service,active
500314,Facebook,𝐅𝐚𝐜𝐞𝐛𝐨𝐨𝐤 » 𝗣𝗼𝘀𝘁 Reaction [ Global ] ᴺᴱᵂ,Facebook - Reaction | Care 🤗| Max 100k | 50K/day | INSTANT,149.08,PKR,per_1000,10,5000000,7 Minutes,active
500315,Facebook,𝐅𝐚𝐜𝐞𝐛𝐨𝐨𝐤 » 𝗣𝗼𝘀𝘁 Reaction [ Global ] ᴺᴱᵂ,Facebook - Reaction | HaHa 😀 | Max 100k | 50K/day | INSTANT,149.08,PKR,per_1000,10,5000000,31 Minutes,active
500316,Facebook,𝐅𝐚𝐜𝐞𝐛𝐨𝐨𝐤 » 𝗣𝗼𝘀𝘁 Reaction [ Global ] ᴺᴱᵂ,Facebook - Reaction | Love 💖| Max 100k | 50K/day | INSTANT,149.08,PKR,per_1000,10,5000000,7 Minutes,active
500317,Facebook,𝐅𝐚𝐜𝐞𝐛𝐨𝐨𝐤 » 𝗣𝗼𝘀𝘁 Reaction [ Global ] ᴺᴱᵂ,Facebook - Reaction | Sad 😭| Max 100k | 50K/day | INSTANT,149.08,PKR,per_1000,10,5000000,New Service,active
500318,Facebook,𝐅𝐚𝐜𝐞𝐛𝐨𝐨𝐤 » 𝗣𝗼𝘀𝘁 Reaction [ Global ] ᴺᴱᵂ,Facebook - Reaction | WoW 😯| Max 100k | 50K/day | INSTANT,149.08,PKR,per_1000,10,5000000,7 Minutes,active
500319,Facebook,𝐅𝐚𝐜𝐞𝐛𝐨𝐨𝐤 » 𝗣𝗼𝘀𝘁 Reaction [ Global ] ᴺᴱᵂ,Facebook - Post Likes 👍| Max 100k | 50K/day | INSTANT,159.02,PKR,per_1000,10,5000000,15 Hours 0 Minutes,active
500320,Facebook,𝐅𝐚𝐜𝐞𝐛𝐨𝐨𝐤 » Post Reactions [ Best Working ],Facebook Post Reactions [ ❤️ ] [ Max 100K ] | Cancel Enable | No Refill ⚠️ | Instant Start | Day 50K 🚀,130.39,PKR,per_1000,10,1000000,10 Minutes,active
500321,Facebook,𝐅𝐚𝐜𝐞𝐛𝐨𝐨𝐤 » Post Reactions [ Best Working ],Facebook Post Reactions [ 👍 ] [ Max 100K ] | Cancel Enable | No Refill ⚠️ | Instant Start | Day 50K 🚀,130.39,PKR,per_1000,10,1000000,7 Minutes,active
500322,Facebook,𝐅𝐚𝐜𝐞𝐛𝐨𝐨𝐤 » Post Reactions [ Best Working ],Facebook Post Reactions [ 🤗 ] [ Max 100K ] | Cancel Enable | No Refill ⚠️ | Instant Start | Day 50K 🚀,130.39,PKR,per_1000,10,1000000,4 Minutes,active
500323,Facebook,𝐅𝐚𝐜𝐞𝐛𝐨𝐨𝐤 » Post Reactions [ Best Working ],Facebook Post Reactions [ 😂 ] [ Max 100K ] | Cancel Enable | No Refill ⚠️ | Instant Start | Day 50K 🚀,130.39,PKR,per_1000,10,1000000,1 Hour 41 Minutes,active
500324,Facebook,𝐅𝐚𝐜𝐞𝐛𝐨𝐨𝐤 » Post Reactions [ Best Working ],Facebook Post Reactions [ 😥 ] [ Max 100K ] | Cancel Enable | No Refill ⚠️ | Instant Start | Day 50K 🚀,130.39,PKR,per_1000,10,1000000,New Service,active
500325,Facebook,𝐅𝐚𝐜𝐞𝐛𝐨𝐨𝐤 » Post Reactions [ Best Working ],Facebook Post Reactions [ 😡 ] [ Max 100K ] | Cancel Enable | No Refill ⚠️ | Instant Start | Day 50K 🚀,130.39,PKR,per_1000,10,1000000,New Service,active
500326,Facebook,𝐅𝐚𝐜𝐞𝐛𝐨𝐨𝐤 » Post Reactions [ Cheapest ],Facebook Post Reactions [ ❤️ ] [ Max 10K ] | HQ Accounts | Cancel Enable | No Refill ⚠️ | Day 10K,135.31,PKR,per_1000,10,300000,34 Hours 14 Minutes,active
500327,Facebook,𝐅𝐚𝐜𝐞𝐛𝐨𝐨𝐤 » Post Reactions [ Cheapest ],Facebook Post Reactions [ 👍 ] [ Max 10K ] | HQ Accounts | Cancel Enable | No Refill ⚠️ | Day 10K,135.31,PKR,per_1000,10,300000,36 Hours 13 Minutes,active
500328,Facebook,𝐅𝐚𝐜𝐞𝐛𝐨𝐨𝐤 » Post Reactions [ Cheapest ],Facebook Post Reactions [ 🤗 ] [ Max 10K ] | HQ Accounts | Cancel Enable | No Refill ⚠️ | Day 10K,135.31,PKR,per_1000,10,300000,3 Hours 7 Minutes,active
500329,Facebook,𝐅𝐚𝐜𝐞𝐛𝐨𝐨𝐤 » Post Reactions [ Cheapest ],Facebook Post Reactions [ 😡 ] [ Max 10K ] | HQ Accounts | Cancel Enable | No Refill ⚠️ | Day 10K,135.31,PKR,per_1000,10,300000,17 Minutes,active
500330,Facebook,𝐅𝐚𝐜𝐞𝐛𝐨𝐨𝐤 » Post Reactions [ Cheapest ],Facebook Post Reactions [ 😆 ] [ Max 10K ] | HQ Accounts | Cancel Enable | No Refill ⚠️ | Day 10K,144.02,PKR,per_1000,10,300000,24 Minutes,active
500331,Facebook,𝐅𝐚𝐜𝐞𝐛𝐨𝐨𝐤 » Views[Impressions Reach],Facebook Video Views Impressions [ Max 10M ] | Cancel Enable | Lifetime ♻️ | Instant Start | Day 100K,12.29,PKR,per_1000,100,2147483647,55 Minutes,active
500332,Facebook,𝐅𝐚𝐜𝐞𝐛𝐨𝐨𝐤 » Views[Impressions Reach],Facebook Video Views Reach Impressions [ Max 10M ] | Cancel Enable | Lifetime ♻️ | Instant Start | Day 100K,13.84,PKR,per_1000,100,2147483647,50 Minutes,active
500333,Facebook,𝐅𝐚𝐜𝐞𝐛𝐨𝐨𝐤 » Views[Impressions Reach],Facebook Video Views [ Max 10M ] | Cancel Enable | Lifetime ♻️ | Instant Start | Day 100K,36.18,PKR,per_1000,100,2147483647,57 Minutes,active
500334,Facebook,𝐅𝐚𝐜𝐞𝐛𝐨𝐨𝐤 » Views[Impressions Reach],Facebook Video Views Reach [ Max 10M ] | Cancel Enable | Lifetime ♻️ | Instant Start | Day 100K,36.86,PKR,per_1000,100,2147483647,18 Minutes,active
500335,Facebook,𝐅𝐚𝐜𝐞𝐛𝐨𝐨𝐤 » Video Views,Facebook Views [ Max Unlimited ] | Non Drop | Lifetime ♻️ | Instant Start | Day 20K,10.77,PKR,per_1000,500,200000,32 Minutes,active
500336,Facebook,𝐅𝐚𝐜𝐞𝐛𝐨𝐨𝐤 » Video Views,Facebook Views [ Max Unlimited ] | Non Drop | Lifetime ♻️ | Instant Start | Day 100K,11.53,PKR,per_1000,500,300000,1 Hour 29 Minutes,active
500337,Facebook,𝐅𝐚𝐜𝐞𝐛𝐨𝐨𝐤 » Video Views,Facebook Views [ Unlimited ] | All Link | Super Instant | Day 50K |𝐔𝐥𝐭𝐫𝐚𝐟𝐚𝐬𝐭 𝐂𝐨𝐦𝐩𝐥𝐞𝐭𝐞𝐝⚡Lifetime Guaranteed ♻️,11.53,PKR,per_1000,100,2147483647,5 Hours 13 Minutes,active
500338,Facebook,𝐅𝐚𝐜𝐞𝐛𝐨𝐨𝐤 » Video Views,Facebook Views [ Max Unlimited ] | Non Drop | Lifetime ♻️ | Instant Start | Day 100K,12.29,PKR,per_1000,100,2147483647,33 Minutes,active
500339,Facebook,𝐅𝐚𝐜𝐞𝐛𝐨𝐨𝐤 » Video Views,Facebook Views | Reels/Video | Non Drop | Lifetime ♻️ | Day 20K,12.29,PKR,per_1000,100,2147483647,37 Minutes,active
500340,Facebook,𝐅𝐚𝐜𝐞𝐛𝐨𝐨𝐤 » Video Views,Facebook Views [ Max Unlimited ] | Non Drop | Lifetime ♻️ | Instant Start | Day 100K,13.05,PKR,per_1000,500,2147483647,13 Hours 36 Minutes,active
500341,Facebook,𝐅𝐚𝐜𝐞𝐛𝐨𝐨𝐤 » Video Views,Facebook Views [ Max Unlimited ] | Non Drop | Lifetime ♻️ | Instant Start | Day 100K,13.05,PKR,per_1000,100,2147483647,2 Hours 55 Minutes,active
500342,Facebook,𝐅𝐚𝐜𝐞𝐛𝐨𝐨𝐤 » Video Views,Facebook Views [ Max Unlimited ] | Non Drop | Lifetime ♻️ | Instant Start | Day 200K,13.84,PKR,per_1000,100,2147483647,40 Minutes,active
500343,Facebook,𝐅𝐚𝐜𝐞𝐛𝐨𝐨𝐤 » Video Views,Facebook Views [ Max Unlimited ] | Non Drop | Lifetime ♻️ | Instant Start | Day 50K,13.84,PKR,per_1000,500,2147483647,1 Hour 4 Minutes,active
500344,Facebook,𝐅𝐚𝐜𝐞𝐛𝐨𝐨𝐤 » Likes [ Post ],Facebook Post Likes | ✅ Non-Drop | ⚡ Speed: 2000/Day | ⏱ Start: 0–2 Hrs | Lifetime Guarantee ♻️,151.07,PKR,per_1000,100,5000,53 Minutes,active
500345,Facebook,𝐅𝐚𝐜𝐞𝐛𝐨𝐨𝐤 » Likes [ Post ],Facebook Post Likes | ✅ Non-Drop | ⚡ Speed: 5000/Day | ⏱ Start: 0–1Hrs | Lifetime Guarantee ♻️,160.50,PKR,per_1000,20,1000000,15 Minutes,active
500346,Facebook,𝐅𝐚𝐜𝐞𝐛𝐨𝐨𝐤 » Comments [ Custom ],Facebook Custom Comments [Drop- No] [Speed: 100/Day] [Start Time: 0-1 Hours],896.02,PKR,per_1000,10,100000,9 Hours 2 Minutes,active
500347,Facebook,𝐅𝐚𝐜𝐞𝐛𝐨𝐨𝐤 » Comments [ Custom ],Facebook Custom Comments [Drop- No] [Speed: 5-10/Day] [Start Time: 0-1 Hours],896.02,PKR,per_1000,10,100000,1 Hour 2 Minutes,active
500348,Telegram,𝐓𝐞𝐥𝐞𝐠𝐫𝐚𝐦 » Members [%𝟎 𝐃𝐫𝐨𝐩],Telegram Members | Non Drop | Max 50K | Ultrafast | 𝐇𝐐 𝐐𝐮𝐚𝐥𝐢𝐭𝐲 | 30 Days Refill ♻️,101.99,PKR,per_1000,1,1000000,2 Hours 6 Minutes,active
500349,Telegram,𝐓𝐞𝐥𝐞𝐠𝐫𝐚𝐦 » Members [%𝟎 𝐃𝐫𝐨𝐩],Telegram Members | Non Drop | Max 50K | Ultrafast | 𝐇𝐐 𝐐𝐮𝐚𝐥𝐢𝐭𝐲 | 60 Days Refill ♻️,148.57,PKR,per_1000,1,1000000,3 Hours 35 Minutes,active
500350,Telegram,𝐓𝐞𝐥𝐞𝐠𝐫𝐚𝐦 » Members [%𝟎 𝐃𝐫𝐨𝐩],Telegram Members | Non Drop | Max 50K | Ultrafast | 𝐇𝐐 𝐐𝐮𝐚𝐥𝐢𝐭𝐲 | 90 Days Refill ♻️,171.74,PKR,per_1000,1,1000000,49 Minutes,active
500351,Telegram,𝐓𝐞𝐥𝐞𝐠𝐫𝐚𝐦 » Post View [ Fast ],Telegram Views | Last 1 Posts | Speed 500K Per DAY | Start Instant 0-5 Minutes,4.95,PKR,per_1000,10,217545811,46 Minutes,active
500352,Telegram,𝐓𝐞𝐥𝐞𝐠𝐫𝐚𝐦 » Post View [ Fast ],Telegram Views | Last 5 Posts | Speed 500K Per DAY | Start Instant 0-5 Minutes,19.73,PKR,per_1000,10,217545811,44 Minutes,active
500353,Telegram,𝐓𝐞𝐥𝐞𝐠𝐫𝐚𝐦 » Post View [ Fast ],Telegram Views | Last 10 Posts | Speed 500K Per DAY | Start Instant 0-5 Minutes,32.74,PKR,per_1000,10,217545811,New Service,active
500354,Telegram,𝐓𝐞𝐥𝐞𝐠𝐫𝐚𝐦 » Post View [ Fast ],Telegram Views | Last 20 Posts | Speed 500K Per DAY | Start Instant 0-5 Minutes,60.50,PKR,per_1000,10,217545811,19 Minutes,active
500355,Telegram,𝐓𝐞𝐥𝐞𝐠𝐫𝐚𝐦 » Post View [ Cheapest ] ᴺᴱᵂ,Telegram Post Views [ Max 50M ] | Last 1 Post 𝗙𝗔𝗦𝗧,1.34,PKR,per_1000,10,50000000,2 Hours 46 Minutes,active
500356,Telegram,𝐓𝐞𝐥𝐞𝐠𝐫𝐚𝐦 » Post View [ Cheapest ] ᴺᴱᵂ,Telegram Post Views [ Max Unlimited ] | Last 1 Post 𝗦𝗟𝗢𝗪,2.13,PKR,per_1000,10,2147483647,New Service,active
500357,Telegram,𝐓𝐞𝐥𝐞𝐠𝐫𝐚𝐦 » Post View [ Cheapest ] ᴺᴱᵂ,Telegram Post Views [ Max 50M ] | Last 5 Post,6.65,PKR,per_1000,10,50000000,32 Minutes,active
500358,Telegram,𝐓𝐞𝐥𝐞𝐠𝐫𝐚𝐦 » Post View [ Cheapest ] ᴺᴱᵂ,Telegram Post Views [ Max 50M ] | Last 10 Post,13.05,PKR,per_1000,10,50000000,New Service,active
500359,Telegram,𝐓𝐞𝐥𝐞𝐠𝐫𝐚𝐦 » Post View [ Cheapest ] ᴺᴱᵂ,Telegram Members (Channel/Group) [ Max 100K ] | Superinstant | Cancel Enable | No Refill ⚠️ | Day 100K 🚀,17.17,PKR,per_1000,1,100000,25 Minutes,active
500360,Telegram,𝐓𝐞𝐥𝐞𝐠𝐫𝐚𝐦 » Post View [ Cheapest ] ᴺᴱᵂ,Telegram Post Views [ Max 50M ] | Last 15 Post,19.37,PKR,per_1000,10,50000000,New Service,active
500361,Telegram,𝐓𝐞𝐥𝐞𝐠𝐫𝐚𝐦 » Post View [ Cheapest ] ᴺᴱᵂ,Telegram Post Views [ Max 50M ] | Last 20 Post,26.02,PKR,per_1000,10,50000000,New Service,active
500362,Telegram,𝐓𝐞𝐥𝐞𝐠𝐫𝐚𝐦 » Post View [ Cheapest ] ᴺᴱᵂ,Telegram Post Views [ Max 50M ] | Last 30 Post,39.07,PKR,per_1000,10,50000000,New Service,active
500363,Telegram,𝐓𝐞𝐥𝐞𝐠𝐫𝐚𝐦 » Post View [ Cheapest ] ᴺᴱᵂ,Telegram Post Views [ Max 50M ] | Last 50 Post,66.43,PKR,per_1000,10,50000000,New Service,active
500364,Telegram,𝐓𝐞𝐥𝐞𝐠𝐫𝐚𝐦 » Post View [ Cheapest ] ᴺᴱᵂ,Telegram Post Views [ Max 50M ] | Last 100 Post,130.21,PKR,per_1000,10,50000000,New Service,active
500365,Telegram,𝐓𝐞𝐥𝐞𝐠𝐫𝐚𝐦 » Post View [ Cheapest ] ᴺᴱᵂ,Telegram Post Views [ Max 50M ] | Last 200 Post,260.35,PKR,per_1000,10,50000000,New Service,active
500366,Telegram,𝐓𝐞𝐥𝐞𝐠𝐫𝐚𝐦 » Post View [ ⚙ Auto ],[ ⚙ Auto ] Telegram Post Views [ Max 50M ] | Last 1 Post 𝗙𝗔𝗦𝗧,1.34,PKR,per_1000,10,50000000,New Service,active
500367,Telegram,𝐓𝐞𝐥𝐞𝐠𝐫𝐚𝐦 » Post View [ ⚙ Auto ],[ ⚙ Auto ] Telegram Post Views [ Max Unlimited ] | Last 1 Post 𝗦𝗟𝗢𝗪,2.13,PKR,per_1000,10,2147483647,New Service,active
500368,Telegram,𝐓𝐞𝐥𝐞𝐠𝐫𝐚𝐦 » Post View [ ⚙ Auto ],[ ⚙ Auto ] Telegram Post Views [ Max 50M ] | Last 5 Post,6.65,PKR,per_1000,10,50000000,New Service,active
500369,Telegram,𝐓𝐞𝐥𝐞𝐠𝐫𝐚𝐦 » Post View [ ⚙ Auto ],[ ⚙ Auto ] Telegram Post Views [ Max 50M ] | Last 10 Post,13.05,PKR,per_1000,10,50000000,New Service,active
500370,Telegram,𝐓𝐞𝐥𝐞𝐠𝐫𝐚𝐦 » Post View [ ⚙ Auto ],[ ⚙ Auto ] Telegram Post Views [ Max 50M ] | Last 15 Post,19.37,PKR,per_1000,10,50000000,New Service,active
500371,Telegram,𝐓𝐞𝐥𝐞𝐠𝐫𝐚𝐦 » Post View [ ⚙ Auto ],[ ⚙ Auto ] Telegram Post Views [ Max 50M ] | Last 20 Post,26.02,PKR,per_1000,10,50000000,New Service,active
500372,Telegram,𝐓𝐞𝐥𝐞𝐠𝐫𝐚𝐦 » Post View [ ⚙ Auto ],[ ⚙ Auto ] Telegram Post Views [ Max 50M ] | Last 30 Post,39.07,PKR,per_1000,10,50000000,New Service,active
500373,Telegram,𝐓𝐞𝐥𝐞𝐠𝐫𝐚𝐦 » Post View [ ⚙ Auto ],[ ⚙ Auto ] Telegram Post Views [ Max 50M ] | Last 50 Post,66.43,PKR,per_1000,10,50000000,New Service,active
500374,Telegram,𝐓𝐞𝐥𝐞𝐠𝐫𝐚𝐦 » Post View [ ⚙ Auto ],[ ⚙ Auto ] Telegram Post Views [ Max 50M ] | Last 100 Post,130.21,PKR,per_1000,10,50000000,New Service,active
500375,Telegram,𝐓𝐞𝐥𝐞𝐠𝐫𝐚𝐦 » Post View [ ⚙ Auto ],[ ⚙ Auto ] Telegram Post Views [ Max 50M ] | Last 200 Post,260.35,PKR,per_1000,10,50000000,New Service,active
500376,Telegram,𝐓𝐞𝐥𝐞𝐠𝐫𝐚𝐦 » Post View [ ⚙ Auto ],[ ⚙ Auto ] Telegram Post Views [ Max 50M ] | Last 500 Post,648.21,PKR,per_1000,10,50000000,New Service,active
500377,Telegram,𝐓𝐞𝐥𝐞𝐠𝐫𝐚𝐦 » Reactions [ Premium ],Telegram Permium Reaction | 🤬 Views | Max 1M | Day 50K,92.95,PKR,per_1000,10,1000000,New Service,active
500378,Telegram,𝐓𝐞𝐥𝐞𝐠𝐫𝐚𝐦 » Reactions [ Premium ],Telegram Permium Reaction | 🙏 Views | Max 1M | Day 50K,92.95,PKR,per_1000,10,1000000,New Service,active
500379,Telegram,𝐓𝐞𝐥𝐞𝐠𝐫𝐚𝐦 » Reactions [ Premium ],Telegram Permium Reaction | 🤡 Views | Max 1M | Day 50K,92.95,PKR,per_1000,10,1000000,New Service,active
500380,Telegram,𝐓𝐞𝐥𝐞𝐠𝐫𝐚𝐦 » Reactions [ Premium ],Telegram Permium Reaction | 🤭 Views | Max 1M | Day 50K,92.95,PKR,per_1000,10,1000000,New Service,active
500381,Telegram,𝐓𝐞𝐥𝐞𝐠𝐫𝐚𝐦 » Reactions [ Premium ],Telegram Permium Reaction | 🕊 Views | Max 1M | Day 50K,92.95,PKR,per_1000,10,1000000,New Service,active
500382,Telegram,𝐓𝐞𝐥𝐞𝐠𝐫𝐚𝐦 » Reactions [ Premium ],Telegram Permium Reaction | 🤣 Views | Max 1M | Day 50K,92.95,PKR,per_1000,10,1000000,New Service,active
500383,Telegram,𝐓𝐞𝐥𝐞𝐠𝐫𝐚𝐦 » Reactions,Telegram Reactions Negative 👎💩 🤮😢 😱 | Non Drop | Speed 100K Per DAY | Fast 🔥 |,19.91,PKR,per_1000,50,10000,New Service,active
500384,Telegram,𝐓𝐞𝐥𝐞𝐠𝐫𝐚𝐦 » Reactions,🆅🅸🅿 Telegram Reactions | Positive 👍🤩🔥❤️🥰 | Non Drop | Speed 100K Per DAY | Start Time 0-1 Hours | ⭐🔥⚡,19.91,PKR,per_1000,10,1000000,New Service,active
500385,Telegram,𝐓𝐞𝐥𝐞𝐠𝐫𝐚𝐦 » Reactions,Telegram Reactions [⚡️] 𝗟𝗶𝗳𝗲𝘁𝗶𝗺𝗲 𝗥𝗲𝗳𝗶𝗹𝗹 | Non Drop | Instant,27.18,PKR,per_1000,50,5000000,New Service,active
500386,Telegram,𝐓𝐞𝐥𝐞𝐠𝐫𝐚𝐦 » Reactions,Telegram Reactions [❤️] 𝗟𝗶𝗳𝗲𝘁𝗶𝗺𝗲 𝗥𝗲𝗳𝗶𝗹𝗹 | Non Drop | Instant,27.18,PKR,per_1000,50,5000000,New Service,active
500387,Telegram,𝐓𝐞𝐥𝐞𝐠𝐫𝐚𝐦 » Reactions,Telegram Reactions [👍] 𝗟𝗶𝗳𝗲𝘁𝗶𝗺𝗲 𝗥𝗲𝗳𝗶𝗹𝗹 | Non Drop | Instant,27.18,PKR,per_1000,50,5000000,New Service,active
500388,Telegram,𝐓𝐞𝐥𝐞𝐠𝐫𝐚𝐦 » Reactions,Telegram Reactions [🔥] 𝗟𝗶𝗳𝗲𝘁𝗶𝗺𝗲 𝗥𝗲𝗳𝗶𝗹𝗹 | Non Drop | Instant,27.18,PKR,per_1000,50,5000000,New Service,active
500389,Telegram,𝐓𝐞𝐥𝐞𝐠𝐫𝐚𝐦 » Reactions,Telegram Reactions [😱] 𝗟𝗶𝗳𝗲𝘁𝗶𝗺𝗲 𝗥𝗲𝗳𝗶𝗹𝗹 | Non Drop | Instant,27.18,PKR,per_1000,50,5000000,New Service,active
500390,Telegram,𝐓𝐞𝐥𝐞𝐠𝐫𝐚𝐦 » Reactions,Telegram Reactions [🎉] 𝗟𝗶𝗳𝗲𝘁𝗶𝗺𝗲 𝗥𝗲𝗳𝗶𝗹𝗹 | Non Drop | Instant,27.18,PKR,per_1000,50,5000000,New Service,active
500391,Telegram,𝐓𝐞𝐥𝐞𝐠𝐫𝐚𝐦 » Reactions,Telegram Reactions [🤩] 𝗟𝗶𝗳𝗲𝘁𝗶𝗺𝗲 𝗥𝗲𝗳𝗶𝗹𝗹 | Non Drop | Instant,27.18,PKR,per_1000,50,5000000,New Service,active
500392,Telegram,𝐓𝐞𝐥𝐞𝐠𝐫𝐚𝐦 » Reactions,Telegram Reactions [😁] 𝗟𝗶𝗳𝗲𝘁𝗶𝗺𝗲 𝗥𝗲𝗳𝗶𝗹𝗹 | Non Drop | Instant,27.18,PKR,per_1000,50,5000000,New Service,active
500393,Telegram,𝐓𝐞𝐥𝐞𝐠𝐫𝐚𝐦 » Reactions,Telegram Reactions [😢] 𝗟𝗶𝗳𝗲𝘁𝗶𝗺𝗲 𝗥𝗲𝗳𝗶𝗹𝗹 | Non Drop | Instant,27.18,PKR,per_1000,50,5000000,New Service,active
500394,Telegram,𝐓𝐞𝐥𝐞𝐠𝐫𝐚𝐦 » Reactions,Telegram Reactions [💩] 𝗟𝗶𝗳𝗲𝘁𝗶𝗺𝗲 𝗥𝗲𝗳𝗶𝗹𝗹 | Non Drop | Instant,27.18,PKR,per_1000,50,5000000,New Service,active
500395,Telegram,𝐓𝐞𝐥𝐞𝐠𝐫𝐚𝐦 » Reactions,Telegram Reactions [🤮] 𝗟𝗶𝗳𝗲𝘁𝗶𝗺𝗲 𝗥𝗲𝗳𝗶𝗹𝗹 | Non Drop | Instant,27.18,PKR,per_1000,50,5000000,New Service,active
500396,Telegram,𝐓𝐞𝐥𝐞𝐠𝐫𝐚𝐦 » Reactions,Telegram Reactions [🖕] 𝗟𝗶𝗳𝗲𝘁𝗶𝗺𝗲 𝗥𝗲𝗳𝗶𝗹𝗹 | Non Drop | Instant,27.18,PKR,per_1000,50,5000000,New Service,active
500397,Telegram,𝐓𝐞𝐥𝐞𝐠𝐫𝐚𝐦 » Reactions,Telegram Reactions [😭] 𝗟𝗶𝗳𝗲𝘁𝗶𝗺𝗲 𝗥𝗲𝗳𝗶𝗹𝗹 | Non Drop | Instant,27.18,PKR,per_1000,50,5000000,New Service,active
500398,Telegram,𝐓𝐞𝐥𝐞𝐠𝐫𝐚𝐦 » Reactions,Telegram Reactions [👻] 𝗟𝗶𝗳𝗲𝘁𝗶𝗺𝗲 𝗥𝗲𝗳𝗶𝗹𝗹 | Non Drop | Instant,27.18,PKR,per_1000,50,5000000,New Service,active
500399,Telegram,𝐓𝐞𝐥𝐞𝐠𝐫𝐚𝐦 » Reactions,Telegram Reactions [👌🏻] 𝗟𝗶𝗳𝗲𝘁𝗶𝗺𝗲 𝗥𝗲𝗳𝗶𝗹𝗹 | Non Drop | Instant,27.18,PKR,per_1000,50,5000000,New Service,active
500400,Telegram,𝐓𝐞𝐥𝐞𝐠𝐫𝐚𝐦 » Reactions,Telegram Reactions [🙏] 𝗟𝗶𝗳𝗲𝘁𝗶𝗺𝗲 𝗥𝗲𝗳𝗶𝗹𝗹 | Non Drop | Instant,135.78,PKR,per_1000,50,5000000,New Service,active
500401,Telegram,𝐓𝐞𝐥𝐞𝐠𝐫𝐚𝐦 » Reactions [ Cheapest] ᴺᴱᵂ,Telegram Reaction [ DisLike 👍 ] [ Max 50K ] | No Refill ⚠️ | Instant Start | Day 50K 🚀,10.08,PKR,per_1000,1,50000,1 Hour 21 Minutes,active
500402,Telegram,𝐓𝐞𝐥𝐞𝐠𝐫𝐚𝐦 » Reactions [ Cheapest] ᴺᴱᵂ,Telegram Reaction [ Fire 🔥 ] [ Max 50K ] | No Refill ⚠️ | Instant Start | Day 50K 🚀,10.08,PKR,per_1000,1,50000,25 Minutes,active
500403,Telegram,𝐓𝐞𝐥𝐞𝐠𝐫𝐚𝐦 » Reactions [ Cheapest] ᴺᴱᵂ,Telegram Reaction [ Laugh 🤣 ] [ Max 50K ] | No Refill ⚠️ | Instant Start | Day 50K 🚀,10.08,PKR,per_1000,1,50000,New Service,active
500404,Telegram,𝐓𝐞𝐥𝐞𝐠𝐫𝐚𝐦 » Reactions [ Cheapest] ᴺᴱᵂ,Telegram Reaction [ Like 👍 ] [ Max 50K ] | No Refill ⚠️ | Instant Start | Day 50K 🚀,10.08,PKR,per_1000,1,50000,26 Minutes,active
500405,Telegram,𝐓𝐞𝐥𝐞𝐠𝐫𝐚𝐦 » Reactions [ Cheapest] ᴺᴱᵂ,Telegram Reaction [ Red heart ❤️ ] [ Max 50K ] | No Refill ⚠️ | Instant Start | Day 50K 🚀,10.08,PKR,per_1000,1,50000,26 Minutes,active
500406,Telegram,𝐓𝐞𝐥𝐞𝐠𝐫𝐚𝐦 » Reactions [ Cheapest] ᴺᴱᵂ,Telegram Reaction [ Banana 🍌 ] [ Max 50K ] | No Refill ⚠️ | Instant Start | Day 50K 🚀,10.08,PKR,per_1000,1,50000,New Service,active
500407,Telegram,𝐓𝐞𝐥𝐞𝐠𝐫𝐚𝐦 » Reactions [ Cheapest] ᴺᴱᵂ,Telegram Reaction [ Christmas Tree 🎄 ] [ Max 50K ] | No Refill ⚠️ | Instant Start | Day 50K 🚀,10.08,PKR,per_1000,1,50000,New Service,active
500408,Telegram,𝐓𝐞𝐥𝐞𝐠𝐫𝐚𝐦 » Reactions [ Cheapest] ᴺᴱᵂ,Telegram Reaction [ Clapping Hands 👏 ] [ Max 50K ] | No Refill ⚠️ | Instant Start | Day 50K 🚀,10.08,PKR,per_1000,1,50000,50 Minutes,active
500409,Telegram,𝐓𝐞𝐥𝐞𝐠𝐫𝐚𝐦 » Reactions [ Cheapest] ᴺᴱᵂ,Telegram Reaction [ Eyes 👀] [ Max 50K ] | No Refill ⚠️ | Instant Start | Day 50K 🚀,10.08,PKR,per_1000,1,50000,44 Minutes,active
500410,Telegram,𝐓𝐞𝐥𝐞𝐠𝐫𝐚𝐦 » Reactions [ Cheapest] ᴺᴱᵂ,Telegram Reaction [ Ghost 👻 ] [ Max 50K ] | No Refill ⚠️ | Instant Start | Day 50K 🚀,10.08,PKR,per_1000,1,50000,New Service,active
500411,Telegram,𝐓𝐞𝐥𝐞𝐠𝐫𝐚𝐦 » Reactions [ Cheapest] ᴺᴱᵂ,Telegram Reaction [ Handshake 🤝 ] [ Max 50K ] | No Refill ⚠️ | Instant Start | Day 50K 🚀,10.08,PKR,per_1000,1,50000,25 Minutes,active
500412,Telegram,𝐓𝐞𝐥𝐞𝐠𝐫𝐚𝐦 » Reactions [ Cheapest] ᴺᴱᵂ,Telegram Reaction [ Lightning Bolt ⚡️ ] [ Max 50K ] | No Refill ⚠️ | Instant Start | Day 50K 🚀,10.08,PKR,per_1000,1,50000,19 Minutes,active
500413,Telegram,𝐓𝐞𝐥𝐞𝐠𝐫𝐚𝐦 » Reactions [ Cheapest] ᴺᴱᵂ,Telegram Reaction [ Loudly Crying Face 😭 ] [ Max 50K ] | No Refill ⚠️ | Instant Start | Day 50K 🚀,10.08,PKR,per_1000,1,50000,New Service,active
500414,Telegram,𝐓𝐞𝐥𝐞𝐠𝐫𝐚𝐦 » Reactions [ Cheapest] ᴺᴱᵂ,Telegram Reaction [ Middle Finger 🖕 ] [ Max 50K ] | No Refill ⚠️ | Instant Start | Day 50K 🚀,10.08,PKR,per_1000,1,50000,New Service,active
500415,Telegram,𝐓𝐞𝐥𝐞𝐠𝐫𝐚𝐦 » Reactions [ Cheapest] ᴺᴱᵂ,Telegram Reaction [ Neutral Face 😐] [ Max 50K ] | No Refill ⚠️ | Instant Start | Day 50K 🚀,10.08,PKR,per_1000,1,50000,New Service,active
500416,Telegram,𝐓𝐞𝐥𝐞𝐠𝐫𝐚𝐦 » Reactions [ Cheapest] ᴺᴱᵂ,Telegram Reaction [ Santa Claus 🎅 ] [ Max 50K ] | No Refill ⚠️ | Instant Start | Day 50K 🚀,10.08,PKR,per_1000,1,50000,New Service,active
500417,Telegram,𝐓𝐞𝐥𝐞𝐠𝐫𝐚𝐦 » Reactions [ Cheapest] ᴺᴱᵂ,Telegram Reaction [ Star-Struck 🤩 ] [ Max 50K ] | No Refill ⚠️ | Instant Start | Day 50K 🚀,10.08,PKR,per_1000,1,50000,19 Minutes,active
500418,Telegram,𝐓𝐞𝐥𝐞𝐠𝐫𝐚𝐦 » Reactions [ Cheapest] ᴺᴱᵂ,Telegram Reaction [ Trophy 🏆 ] [ Max 50K ] | No Refill ⚠️ | Instant Start | Day 50K 🚀,10.08,PKR,per_1000,1,50000,20 Minutes,active
500419,Telegram,𝐓𝐞𝐥𝐞𝐠𝐫𝐚𝐦 » Reactions [ Cheapest] ᴺᴱᵂ,Telegram Reaction [ Unicorn 🦄 ] [ Max 50K ] | No Refill ⚠️ | Instant Start | Day 50K 🚀,10.08,PKR,per_1000,1,50000,27 Minutes,active
500420,Telegram,𝐓𝐞𝐥𝐞𝐠𝐫𝐚𝐦 » Reactions [ Cheapest] ᴺᴱᵂ,Telegram Reaction [ Woozy Face 🥴 ] [ Max 50K ] | No Refill ⚠️ | Instant Start | Day 50K 🚀,10.08,PKR,per_1000,1,50000,New Service,active
500421,Telegram,𝐓𝐞𝐥𝐞𝐠𝐫𝐚𝐦 » Reactions [ Cheapest] ᴺᴱᵂ,Telegram Reaction [Alien Monster 👾] [ Max 50K ] | No Refill ⚠️ | Instant Start | Day 50K 🚀,10.08,PKR,per_1000,1,50000,New Service,active
500422,Telegram,𝐓𝐞𝐥𝐞𝐠𝐫𝐚𝐦 » Reactions [ Cheapest] ᴺᴱᵂ,Telegram Reaction [Angry Face 🤬 ] [ Max 50K ] | No Refill ⚠️ | Instant Start | Day 50K 🚀,10.08,PKR,per_1000,1,50000,New Service,active
500423,Telegram,𝐓𝐞𝐥𝐞𝐠𝐫𝐚𝐦 » Reactions [ Cheapest] ᴺᴱᵂ,Telegram Reaction [Bottle with Popping 🍾 ] [ Max 50K ] | No Refill ⚠️ | Instant Start | Day 50K 🚀,10.08,PKR,per_1000,10,1000000,36 Minutes,active
500424,Telegram,𝐓𝐞𝐥𝐞𝐠𝐫𝐚𝐦 » Reactions [ Cheapest] ᴺᴱᵂ,Telegram Reaction [Clown Face 🤡 ] [ Max 50K ] | No Refill ⚠️ | Instant Start | Day 50K 🚀,10.08,PKR,per_1000,1,50000,New Service,active
500425,Telegram,𝐓𝐞𝐥𝐞𝐠𝐫𝐚𝐦 » Reactions [ Cheapest] ᴺᴱᵂ,Telegram Reaction [Cool 🆒] [ Max 50K ] | No Refill ⚠️ | Instant Start | Day 50K 🚀,10.08,PKR,per_1000,1,50000,New Service,active
500426,Telegram,𝐓𝐞𝐥𝐞𝐠𝐫𝐚𝐦 » Reactions [ Cheapest] ᴺᴱᵂ,Telegram Reaction [Crazy Face 🤪] [ Max 50K ] | No Refill ⚠️ | Instant Start | Day 50K 🚀,10.08,PKR,per_1000,1,50000,New Service,active
500427,Telegram,𝐓𝐞𝐥𝐞𝐠𝐫𝐚𝐦 » Reactions [ Cheapest] ᴺᴱᵂ,Telegram Reaction [Crying Face 😢 ] [ Max 50K ] | No Refill ⚠️ | Instant Start | Day 50K 🚀,10.08,PKR,per_1000,1,50000,40 Minutes,active
500428,Telegram,𝐓𝐞𝐥𝐞𝐠𝐫𝐚𝐦 » Reactions [ Cheapest] ᴺᴱᵂ,Telegram Reaction [Dove of Peace 🕊 ] [ Max 50K ] | No Refill ⚠️ | Instant Start | Day 50K 🚀,10.08,PKR,per_1000,1,50000,24 Minutes,active
500429,Telegram,𝐓𝐞𝐥𝐞𝐠𝐫𝐚𝐦 » Reactions [ Cheapest] ᴺᴱᵂ,Telegram Reaction [Exploding Head 🤯 ] [ Max 50K ] | No Refill ⚠️ | Instant Start | Day 50K 🚀,10.08,PKR,per_1000,1,50000,New Service,active
500430,Telegram,𝐓𝐞𝐥𝐞𝐠𝐫𝐚𝐦 » Reactions [ Cheapest] ᴺᴱᵂ,Telegram Reaction [Face Blowing a Kiss 😘] [ Max 50K ] | No Refill ⚠️ | Instant Start | Day 50K 🚀,10.08,PKR,per_1000,1,50000,New Service,active
500431,Telegram,𝐓𝐞𝐥𝐞𝐠𝐫𝐚𝐦 » Reactions [ Cheapest] ᴺᴱᵂ,Telegram Reaction [Face Vomiting 🤮 ] [ Max 50K ] | No Refill ⚠️ | Instant Start | Day 50K 🚀,10.08,PKR,per_1000,1,50000,New Service,active
500432,Telegram,𝐓𝐞𝐥𝐞𝐠𝐫𝐚𝐦 » Reactions [ Cheapest] ᴺᴱᵂ,Telegram Reaction [Face with Raised Eyebrow 🤨] [ Max 50K ] | No Refill ⚠️ | Instant Start | Day 50K 🚀,10.08,PKR,per_1000,1,50000,26 Minutes,active
500433,Telegram,𝐓𝐞𝐥𝐞𝐠𝐫𝐚𝐦 » Reactions [ Cheapest] ᴺᴱᵂ,Telegram Reaction [Fearful Face 😨 ] [ Max 50K ] | No Refill ⚠️ | Instant Start | Day 50K 🚀,10.08,PKR,per_1000,1,50000,New Service,active
500434,Telegram,𝐓𝐞𝐥𝐞𝐠𝐫𝐚𝐦 » Reactions [ Cheapest] ᴺᴱᵂ,Telegram Reaction [Folded Hands 🙏 ] [ Max 50K ] | No Refill ⚠️ | Instant Start | Day 50K 🚀,10.08,PKR,per_1000,1,50000,New Service,active
500435,Telegram,𝐓𝐞𝐥𝐞𝐠𝐫𝐚𝐦 » Reactions [ Cheapest] ᴺᴱᵂ,Telegram Reaction [Grinning Face 😁 ] [ Max 50K ] | No Refill ⚠️ | Instant Start | Day 50K 🚀,10.08,PKR,per_1000,1,50000,New Service,active
500436,Telegram,𝐓𝐞𝐥𝐞𝐠𝐫𝐚𝐦 » Reactions [ Cheapest] ᴺᴱᵂ,Telegram Reaction [Hear-No-Evil Monkey 🙉] [ Max 50K ] | No Refill ⚠️ | Instant Start | Day 50K 🚀,10.08,PKR,per_1000,1,50000,New Service,active
500437,Telegram,𝐓𝐞𝐥𝐞𝐠𝐫𝐚𝐦 » Reactions [ Cheapest] ᴺᴱᵂ,Telegram Reaction [Heart Eyes 😍] [ Max 50K ] | No Refill ⚠️ | Instant Start | Day 50K 🚀,10.08,PKR,per_1000,1,50000,New Service,active
500438,Telegram,𝐓𝐞𝐥𝐞𝐠𝐫𝐚𝐦 » Reactions [ Cheapest] ᴺᴱᵂ,Telegram Reaction [Heart On Fire ❤️‍🔥] [ Max 50K ] | No Refill ⚠️ | Instant Start | Day 50K 🚀,10.08,PKR,per_1000,1,50000,44 Minutes,active
500439,Telegram,𝐓𝐞𝐥𝐞𝐠𝐫𝐚𝐦 » Reactions [ Cheapest] ᴺᴱᵂ,Telegram Reaction [Heart with Arrow 💘] [ Max 50K ] | No Refill ⚠️ | Instant Start | Day 50K 🚀,10.08,PKR,per_1000,1,50000,New Service,active
500440,Telegram,𝐓𝐞𝐥𝐞𝐠𝐫𝐚𝐦 » Reactions [ Cheapest] ᴺᴱᵂ,Telegram Reaction [Hot Dog 🌭 ] [ Max 50K ] | No Refill ⚠️ | Instant Start | Day 50K 🚀,10.08,PKR,per_1000,1,50000,New Service,active
500441,Telegram,𝐓𝐞𝐥𝐞𝐠𝐫𝐚𝐦 » Reactions [ Cheapest] ᴺᴱᵂ,Telegram Reaction [Hugging Face 🤗] [ Max 50K ] | No Refill ⚠️ | Instant Start | Day 50K 🚀,10.08,PKR,per_1000,1,50000,New Service,active
500442,Telegram,𝐓𝐞𝐥𝐞𝐠𝐫𝐚𝐦 » Reactions [ Cheapest] ᴺᴱᵂ,Telegram Reaction [Hundred Points 💯 ] [ Max 50K ] | No Refill ⚠️ | Instant Start | Day 50K 🚀,10.08,PKR,per_1000,1,50000,23 Minutes,active
500443,Telegram,𝐓𝐞𝐥𝐞𝐠𝐫𝐚𝐦 » Reactions [ Cheapest] ᴺᴱᵂ,Telegram Reaction [Jack-O’-Lantern 🎃 ] [ Max 50K ] | No Refill ⚠️ | Instant Start | Day 50K 🚀,10.08,PKR,per_1000,1,50000,New Service,active
500444,Telegram,𝐓𝐞𝐥𝐞𝐠𝐫𝐚𝐦 » Reactions [ Cheapest] ᴺᴱᵂ,Telegram Reaction [Kiss Mark 💋 ] [ Max 50K ] | No Refill ⚠️ | Instant Start | Day 50K 🚀,10.08,PKR,per_1000,1,50000,New Service,active
500445,Telegram,𝐓𝐞𝐥𝐞𝐠𝐫𝐚𝐦 » Reactions [ Cheapest] ᴺᴱᵂ,Telegram Reaction [Man Shrugging 🤷‍] [ Max 50K ] | No Refill ⚠️ | Instant Start | Day 50K 🚀,10.08,PKR,per_1000,1,50000,New Service,active
500446,Telegram,𝐓𝐞𝐥𝐞𝐠𝐫𝐚𝐦 » Reactions [ Cheapest] ᴺᴱᵂ,Telegram Reaction [Man Technologist 👨‍💻] [ Max 50K ] | No Refill ⚠️ | Instant Start | Day 50K 🚀,10.08,PKR,per_1000,1,50000,New Service,active
500447,Telegram,𝐓𝐞𝐥𝐞𝐠𝐫𝐚𝐦 » Reactions [ Cheapest] ᴺᴱᵂ,Telegram Reaction [Moai 🗿 ] [ Max 50K ] | No Refill ⚠️ | Instant Start | Day 50K 🚀,10.08,PKR,per_1000,1,50000,New Service,active
500448,Telegram,𝐓𝐞𝐥𝐞𝐠𝐫𝐚𝐦 » Reactions [ Cheapest] ᴺᴱᵂ,Telegram Reaction [Money-Mouth Face 🤑] [ Max 50K ] | No Refill ⚠️ | Instant Start | Day 50K 🚀,10.08,PKR,per_1000,1,50000,New Service,active
500449,Telegram,𝐓𝐞𝐥𝐞𝐠𝐫𝐚𝐦 » Reactions [ Cheapest] ᴺᴱᵂ,Telegram Reaction [Nail Polish 💅 [ Max 50K ] | No Refill ⚠️ | Instant Start | Day 50K 🚀,10.08,PKR,per_1000,1,50000,New Service,active
500450,Telegram,𝐓𝐞𝐥𝐞𝐠𝐫𝐚𝐦 » Reactions [ Cheapest] ᴺᴱᵂ,Telegram Reaction [Nerd Face 🤓 ] [ Max 50K ] | No Refill ⚠️ | Instant Start | Day 50K 🚀,10.08,PKR,per_1000,1,50000,New Service,active
500451,Telegram,𝐓𝐞𝐥𝐞𝐠𝐫𝐚𝐦 » Reactions [ Cheapest] ᴺᴱᵂ,Telegram Reaction [New Moon Face 🌚 ] [ Max 50K ] | No Refill ⚠️ | Instant Start | Day 50K 🚀,10.08,PKR,per_1000,1,50000,New Service,active
500452,Telegram,𝐓𝐞𝐥𝐞𝐠𝐫𝐚𝐦 » Reactions [ Cheapest] ᴺᴱᵂ,Telegram Reaction [OK Hand 👌 ] [ Max 50K ] | No Refill ⚠️ | Instant Start | Day 50K 🚀,10.08,PKR,per_1000,1,50000,New Service,active
500453,Telegram,𝐓𝐞𝐥𝐞𝐠𝐫𝐚𝐦 » Reactions [ Cheapest] ᴺᴱᵂ,Telegram Reaction [Party Popper 🎉 ] [ Max 50K ] | No Refill ⚠️ | Instant Start | Day 50K 🚀,10.08,PKR,per_1000,1,50000,27 Minutes,active
500454,Telegram,𝐓𝐞𝐥𝐞𝐠𝐫𝐚𝐦 » Reactions [ Cheapest] ᴺᴱᵂ,Telegram Reaction [Person Shrugging🤷] [ Max 50K ] | No Refill ⚠️ | Instant Start | Day 50K 🚀,10.08,PKR,per_1000,1,50000,New Service,active
500455,Telegram,𝐓𝐞𝐥𝐞𝐠𝐫𝐚𝐦 » Reactions [ Cheapest] ᴺᴱᵂ,Telegram Reaction [Pile of Poo 💩 ] [ Max 50K ] | No Refill ⚠️ | Instant Start | Day 50K 🚀,10.08,PKR,per_1000,1,50000,New Service,active
500456,Telegram,𝐓𝐞𝐥𝐞𝐠𝐫𝐚𝐦 » Reactions [ Cheapest] ᴺᴱᵂ,Telegram Reaction [Pill 💊 ] [ Max 50K ] | No Refill ⚠️ | Instant Start | Day 50K 🚀,10.08,PKR,per_1000,1,50000,New Service,active
500457,Telegram,𝐓𝐞𝐥𝐞𝐠𝐫𝐚𝐦 » Reactions [ Cheapest] ᴺᴱᵂ,Telegram Reaction [Pouting Face 😡] [ Max 50K ] | No Refill ⚠️ | Instant Start | Day 50K 🚀,10.08,PKR,per_1000,1,50000,New Service,active
500458,Telegram,𝐓𝐞𝐥𝐞𝐠𝐫𝐚𝐦 » Reactions [ Cheapest] ᴺᴱᵂ,Telegram Reaction [Saluting Face 🫡 [ Max 50K ] | No Refill ⚠️ | Instant Start | Day 50K 🚀,10.08,PKR,per_1000,1,50000,New Service,active
500459,Telegram,𝐓𝐞𝐥𝐞𝐠𝐫𝐚𝐦 » Reactions [ Cheapest] ᴺᴱᵂ,Telegram Reaction [Screaming Face 😱 ] [ Max 50K ] | No Refill ⚠️ | Instant Start | Day 50K 🚀,10.08,PKR,per_1000,1,50000,24 Minutes,active
500460,Telegram,𝐓𝐞𝐥𝐞𝐠𝐫𝐚𝐦 » Reactions [ Cheapest] ᴺᴱᵂ,Telegram Reaction [See-No-Evil Monkey 🙈] [ Max 50K ] | No Refill ⚠️ | Instant Start | Day 50K 🚀,10.08,PKR,per_1000,1,50000,New Service,active
500461,Telegram,𝐓𝐞𝐥𝐞𝐠𝐫𝐚𝐦 » Reactions [ Cheapest] ᴺᴱᵂ,Telegram Reaction [Sleeping Face 😴] [ Max 50K ] | No Refill ⚠️ | Instant Start | Day 50K 🚀,10.08,PKR,per_1000,1,50000,New Service,active
500462,Telegram,𝐓𝐞𝐥𝐞𝐠𝐫𝐚𝐦 » Reactions [ Cheapest] ᴺᴱᵂ,Telegram Reaction [Smiling Face with Halo 😇] [ Max 50K ] | No Refill ⚠️ | Instant Start | Day 50K 🚀,10.08,PKR,per_1000,1,50000,New Service,active
500463,Telegram,𝐓𝐞𝐥𝐞𝐠𝐫𝐚𝐦 » Reactions [ Cheapest] ᴺᴱᵂ,Telegram Reaction [Smiling Face with Hearts 🥰 ] [ Max 50K ] | No Refill ⚠️ | Instant Start | Day 50K 🚀,10.08,PKR,per_1000,1,50000,New Service,active
500464,Telegram,𝐓𝐞𝐥𝐞𝐠𝐫𝐚𝐦 » Reactions [ Cheapest] ᴺᴱᵂ,Telegram Reaction [Smiling Face with Sunglasses 😎] [ Max 50K ] | No Refill ⚠️ | Instant Start | Day 50K 🚀,10.08,PKR,per_1000,1,50000,New Service,active
500465,Telegram,𝐓𝐞𝐥𝐞𝐠𝐫𝐚𝐦 » Reactions [ Cheapest] ᴺᴱᵂ,Telegram Reaction [Snowman ☃️ ] [ Max 50K ] | No Refill ⚠️ | Instant Start | Day 50K 🚀,10.08,PKR,per_1000,1,50000,New Service,active
500466,Telegram,𝐓𝐞𝐥𝐞𝐠𝐫𝐚𝐦 » Reactions [ Cheapest] ᴺᴱᵂ,Telegram Reaction [Speak-No-Evil Monkey 🙊] [ Max 50K ] | No Refill ⚠️ | Instant Start | Day 50K 🚀,10.08,PKR,per_1000,1,50000,New Service,active
500467,Telegram,𝐓𝐞𝐥𝐞𝐠𝐫𝐚𝐦 » Reactions [ Cheapest] ᴺᴱᵂ,Telegram Reaction [Spouting Whale 🐳 ] [ Max 50K ] | No Refill ⚠️ | Instant Start | Day 50K 🚀,10.08,PKR,per_1000,1,50000,New Service,active
500468,Telegram,𝐓𝐞𝐥𝐞𝐠𝐫𝐚𝐦 » Reactions [ Cheapest] ᴺᴱᵂ,Telegram Reaction [Strawberry 🍓 ] [ Max 50K ] | No Refill ⚠️ | Instant Start | Day 50K 🚀,10.08,PKR,per_1000,1,50000,New Service,active
500469,Telegram,𝐓𝐞𝐥𝐞𝐠𝐫𝐚𝐦 » Reactions [ Cheapest] ᴺᴱᵂ,Telegram Reaction [Thinking Face 🤔 ] [ Max 50K ] | No Refill ⚠️ | Instant Start | Day 50K 🚀,10.08,PKR,per_1000,1,50000,New Service,active
500470,Telegram,𝐓𝐞𝐥𝐞𝐠𝐫𝐚𝐦 » Reactions [ Cheapest] ᴺᴱᵂ,Telegram Reaction [Woman Laptop 👩‍💻 ] [ Max 50K ] | No Refill ⚠️ | Instant Start | Day 50K 🚀,10.08,PKR,per_1000,1,50000,New Service,active
500471,Telegram,𝐓𝐞𝐥𝐞𝐠𝐫𝐚𝐦 » Reactions [ Cheapest] ᴺᴱᵂ,Telegram Reaction [Writing Hand ✍] [ Max 50K ] | No Refill ⚠️ | Instant Start | Day 50K 🚀,10.08,PKR,per_1000,1,50000,New Service,active
500472,Telegram,𝐓𝐞𝐥𝐞𝐠𝐫𝐚𝐦 » Reactions [ Cheapest] ᴺᴱᵂ,Telegram Reaction [Yawning Face 🥱] [ Max 50K ] | No Refill ⚠️ | Instant Start | Day 50K 🚀,10.08,PKR,per_1000,1,50000,New Service,active
500473,WhatsApp,WhatsApp Poll Votes,Whatsapp Poll Votes [ 𝗔 ] 𝗡𝗢𝗡 𝗗𝗥𝗢𝗣 | Quality: HQ Profiles | Speed: Day 100K,2349.11,PKR,per_1000,10,100000,17 Minutes,active
500474,WhatsApp,WhatsApp Poll Votes,Whatsapp Poll Votes [ 𝗕 ] 𝗡𝗢𝗡 𝗗𝗥𝗢𝗣 | Quality: HQ Profiles | Speed: Day 100K,2349.11,PKR,per_1000,10,100000,21 Minutes,active
500475,WhatsApp,WhatsApp Poll Votes,Whatsapp Poll Votes [ 𝗖 ] 𝗡𝗢𝗡 𝗗𝗥𝗢𝗣 | Quality: HQ Profiles | Speed: Day 100K,2349.11,PKR,per_1000,10,100000,New Service,active
500476,WhatsApp,WhatsApp Poll Votes,Whatsapp Poll Votes [ 𝗗 ] 𝗡𝗢𝗡 𝗗𝗥𝗢𝗣 | Quality: HQ Profiles | Speed: Day 100K,2349.11,PKR,per_1000,10,100000,New Service,active
500477,WhatsApp,WhatsApp Poll Votes,Whatsapp Poll Votes [ 𝗙 ] 𝗡𝗢𝗡 𝗗𝗥𝗢𝗣 | Quality: HQ Profiles | Speed: Day 100K,2349.11,PKR,per_1000,10,100000,New Service,active
500478,WhatsApp,WhatsApp Channel Members [ Provider ] ᴺᴱᵂ,Whatsapp Channel Members [ Global 🌎 ] [ Max 50K ] | HQ Profiles | Day 10K,892.66,PKR,per_1000,10,10000,5 Minutes,active
500479,WhatsApp,WhatsApp Channel Members [ Provider ] ᴺᴱᵂ,Whatsapp Channel Members [ Global 🌎 ] [ Max 50K ] | HQ Profiles | Day 20K,986.63,PKR,per_1000,10,10000,24 Minutes,active
500480,WhatsApp,WhatsApp Channel Members [ Provider ] ᴺᴱᵂ,Whatsapp Channel Members [ Global 🌎 ] [ Max 50K ] | HQ Profiles | Day 20K | 30 Days Refill♻️,1338.99,PKR,per_1000,10,10000,4 Minutes,active
500481,WhatsApp,WhatsApp Channel Members [ Provider ] ᴺᴱᵂ,Whatsapp Channel Members [ Arab 🇦🇪 ] [ Max 50K ] | HQ Profiles | Day 20K,1409.47,PKR,per_1000,10,100000,7 Minutes,active
500482,WhatsApp,WhatsApp Channel Members [ Provider ] ᴺᴱᵂ,Whatsapp Channel Members [ Europe 🇪🇺 ] [ Max 50K ] | HQ Profiles | Day 20K,1409.47,PKR,per_1000,10,100000,New Service,active
500483,WhatsApp,WhatsApp Channel Members [ Provider ] ᴺᴱᵂ,Whatsapp Channel Members [ India 🇮🇳 ] [ Max 50K ] | HQ Profiles | Day 20K,1409.47,PKR,per_1000,10,100000,8 Minutes,active
500484,WhatsApp,WhatsApp Channel Members [ Provider ] ᴺᴱᵂ,Whatsapp Channel Members [ Turkey 🇹🇷 ] [ Max 50K ] | HQ Profiles | Day 20K,1409.47,PKR,per_1000,10,100000,New Service,active
500485,WhatsApp,WhatsApp Channel Members [ Provider ] ᴺᴱᵂ,Whatsapp Channel Members [ USA 🇺🇸 ] [ Max 50K ] | HQ Profiles | Day 20K,1409.47,PKR,per_1000,10,100000,New Service,active
500486,TikTok,TikTok → Likes (1 Minute Server),TikTok Likes + Views [ World Wide 🌍 ] [ Max 1M ] | 𝗛𝗤+𝗥𝗘𝗔𝗟 | Non Drop | Day 100K ⚡ 𝗕𝗲𝘀𝘁,63.43,PKR,per_1000,10,10000000,7 Minutes,active
500487,TikTok,TikTok → Likes (1 Minute Server),TikTok Likes + Views [ Worldwide 🌎] [ Max 1M ] | 𝗛𝗤+𝗥𝗘𝗔𝗟 | Non Drop | Day 100K ⚡️,68.12,PKR,per_1000,10,10000000,5 Hours 49 Minutes,active
